istaigos_kodas;gydytojo_ID;laisvos_registracijos_data;iraso_sukurimo_data
181384061;1106062;2026-08-21 08:30:00;2026-08-11 21:00:04
181384061;1106062;2026-08-24 15:45:00;2026-08-11 21:00:04
181384061;1106062;2026-08-24 16:45:00;2026-08-11 21:00:04
181384061;1106062;2026-08-24 17:00:00;2026-08-11 21:00:04
181384061;1106062;2026-08-25 08:00:00;2026-08-11 21:00:04
181384061;1106062;2026-08-25 08:15:00;2026-08-11 21:00:04
181384061;1106062;2026-08-25 08:30:00;2026-08-11 21:00:04
181384061;1106062;2026-08-25 08:45:00;2026-08-11 21:00:04
181384061;1106062;2026-08-25 09:00:00;2026-08-11 21:00:04
181384061;1106062;2026-08-25 09:15:00;2026-08-11 21:00:04
181384061;1106062;2026-08-25 09:45:00;2026-08-11 21:00:04
181384061;1106062;2026-08-25 10:00:00;2026-08-11 21:00:04
181384061;1106062;2026-08-25 11:30:00;2026-08-11 21:00:04
181384061;1106062;2026-08-25 12:45:00;2026-08-11 21:00:04
181384061;1106062;2026-08-25 13:00:00;2026-08-11 21:00:04
181384061;1106062;2026-08-25 13:30:00;2026-08-11 21:00:04
181384061;1106062;2026-08-25 13:45:00;2026-08-11 21:00:04
181384061;1106062;2026-08-26 12:15:00;2026-08-11 21:00:04
181384061;1106062;2026-08-26 12:30:00;2026-08-11 21:00:04
181384061;1106062;2026-08-26 12:45:00;2026-08-11 21:00:04
181384061;1106062;2026-08-26 13:00:00;2026-08-11 21:00:04
181384061;1106062;2026-08-26 13:15:00;2026-08-11 21:00:04
181384061;1106062;2026-08-26 13:30:00;2026-08-11 21:00:04
181384061;1106062;2026-08-26 13:45:00;2026-08-11 21:00:04
181384061;1106062;2026-08-26 16:00:00;2026-08-11 21:00:04
181384061;1106062;2026-08-26 16:15:00;2026-08-11 21:00:04
181384061;1106062;2026-08-26 16:30:00;2026-08-11 21:00:04
181384061;1106062;2026-08-26 16:45:00;2026-08-11 21:00:04
181384061;1106062;2026-08-26 17:00:00;2026-08-11 21:00:04
181384061;1106062;2026-08-26 17:15:00;2026-08-11 21:00:04
181384061;1106062;2026-08-26 17:30:00;2026-08-11 21:00:04
181384061;1106062;2026-08-27 07:45:00;2026-08-11 21:00:04
181384061;1106062;2026-08-27 08:00:00;2026-08-11 21:00:04
181384061;1106062;2026-08-27 08:15:00;2026-08-11 21:00:04
181384061;1106062;2026-08-27 08:45:00;2026-08-11 21:00:04
181384061;1106062;2026-08-27 09:00:00;2026-08-11 21:00:04
181384061;1106062;2026-08-27 09:15:00;2026-08-11 21:00:04
181384061;1106062;2026-08-27 09:30:00;2026-08-11 21:00:04
181384061;1106062;2026-08-27 09:45:00;2026-08-11 21:00:04
181384061;1106062;2026-08-27 12:00:00;2026-08-11 21:00:04
181384061;1106062;2026-08-27 12:15:00;2026-08-11 21:00:04
181384061;1106062;2026-08-27 12:30:00;2026-08-11 21:00:04
181384061;1106062;2026-08-27 12:45:00;2026-08-11 21:00:04
181384061;1106062;2026-08-27 13:00:00;2026-08-11 21:00:04
181384061;1106062;2026-08-27 13:15:00;2026-08-11 21:00:04
181384061;1106062;2026-08-27 13:30:00;2026-08-11 21:00:04
181384061;1106062;2026-08-27 13:45:00;2026-08-11 21:00:04
181384061;1106062;2026-08-28 12:30:00;2026-08-11 21:00:04
181384061;1106062;2026-08-28 12:45:00;2026-08-11 21:00:04
181384061;1106062;2026-08-28 13:00:00;2026-08-11 21:00:04
181384061;1106062;2026-08-28 13:15:00;2026-08-11 21:00:04
181384061;1106062;2026-08-28 13:30:00;2026-08-11 21:00:04
181384061;1106062;2026-08-28 15:15:00;2026-08-11 21:00:04
181384061;1106062;2026-08-28 15:30:00;2026-08-11 21:00:04
181384061;1106062;2026-08-28 15:45:00;2026-08-11 21:00:04
181384061;1106062;2026-08-28 16:00:00;2026-08-11 21:00:04
181384061;1106062;2026-08-28 16:15:00;2026-08-11 21:00:04
181384061;1106062;2026-08-28 16:30:00;2026-08-11 21:00:04
181384061;1106062;2026-08-28 16:45:00;2026-08-11 21:00:04
181384061;1106062;2026-08-28 17:00:00;2026-08-11 21:00:04
181384061;1106062;2026-08-28 17:15:00;2026-08-11 21:00:04
181384061;1106062;2026-08-28 17:30:00;2026-08-11 21:00:04
181384061;1106062;2026-08-31 07:45:00;2026-08-11 21:00:04
181384061;1106062;2026-08-31 08:00:00;2026-08-11 21:00:04
181384061;1106062;2026-08-31 08:15:00;2026-08-11 21:00:04
181384061;1106062;2026-08-31 08:45:00;2026-08-11 21:00:04
181384061;1106062;2026-08-31 09:00:00;2026-08-11 21:00:04
181384061;1106062;2026-08-31 09:15:00;2026-08-11 21:00:04
181384061;1106062;2026-08-31 09:30:00;2026-08-11 21:00:04
181384061;1106062;2026-08-31 09:45:00;2026-08-11 21:00:04
181384061;1106062;2026-08-31 11:30:00;2026-08-11 21:00:04
181384061;1106062;2026-08-31 11:45:00;2026-08-11 21:00:04
181384061;1106062;2026-08-31 12:00:00;2026-08-11 21:00:04
181384061;1106062;2026-08-31 12:15:00;2026-08-11 21:00:04
181384061;1106062;2026-08-31 12:30:00;2026-08-11 21:00:04
181384061;1106062;2026-08-31 12:45:00;2026-08-11 21:00:04
181384061;1106062;2026-08-31 13:00:00;2026-08-11 21:00:04
181384061;1106062;2026-08-31 13:15:00;2026-08-11 21:00:04
181384061;1106062;2026-08-31 13:30:00;2026-08-11 21:00:04
181384061;1106062;2026-08-31 13:45:00;2026-08-11 21:00:04
181384061;1106062;2026-09-01 07:45:00;2026-08-11 21:00:04
181384061;1106062;2026-09-01 08:00:00;2026-08-11 21:00:04
181384061;1106062;2026-09-01 08:15:00;2026-08-11 21:00:04
181384061;1106062;2026-09-01 08:30:00;2026-08-11 21:00:04
181384061;1106062;2026-09-01 08:45:00;2026-08-11 21:00:04
181384061;1106062;2026-09-01 09:00:00;2026-08-11 21:00:04
181384061;1106062;2026-09-01 09:15:00;2026-08-11 21:00:04
181384061;1106062;2026-09-01 09:30:00;2026-08-11 21:00:04
181384061;1106062;2026-09-01 09:45:00;2026-08-11 21:00:04
181384061;1106062;2026-09-01 10:00:00;2026-08-11 21:00:04
181384061;1106062;2026-09-01 11:30:00;2026-08-11 21:00:04
181384061;1106062;2026-09-01 11:45:00;2026-08-11 21:00:04
181384061;1106062;2026-09-01 12:00:00;2026-08-11 21:00:04
181384061;1106062;2026-09-01 12:15:00;2026-08-11 21:00:04
181384061;1106062;2026-09-01 12:30:00;2026-08-11 21:00:04
181384061;1106062;2026-09-01 12:45:00;2026-08-11 21:00:04
181384061;1106062;2026-09-01 13:00:00;2026-08-11 21:00:04
181384061;1106062;2026-09-01 13:15:00;2026-08-11 21:00:04
181384061;1106062;2026-09-01 13:30:00;2026-08-11 21:00:04
181384061;1106062;2026-09-01 13:45:00;2026-08-11 21:00:04
181384061;1106062;2026-09-02 11:45:00;2026-08-11 21:00:04
181384061;1106062;2026-09-02 12:00:00;2026-08-11 21:00:04
181384061;1106062;2026-09-02 12:15:00;2026-08-11 21:00:04
181384061;1106062;2026-09-02 12:30:00;2026-08-11 21:00:04
181384061;1106062;2026-09-02 12:45:00;2026-08-11 21:00:04
181384061;1106062;2026-09-02 13:00:00;2026-08-11 21:00:04
181384061;1106062;2026-09-02 13:15:00;2026-08-11 21:00:04
181384061;1106062;2026-09-02 13:30:00;2026-08-11 21:00:04
181384061;1106062;2026-09-02 13:45:00;2026-08-11 21:00:04
181384061;1106062;2026-09-02 15:15:00;2026-08-11 21:00:04
181384061;1106062;2026-09-02 15:30:00;2026-08-11 21:00:04
181384061;1106062;2026-09-02 15:45:00;2026-08-11 21:00:04
181384061;1106062;2026-09-02 16:00:00;2026-08-11 21:00:04
181384061;1106062;2026-09-02 16:15:00;2026-08-11 21:00:04
181384061;1106062;2026-09-02 16:30:00;2026-08-11 21:00:04
181384061;1106062;2026-09-02 16:45:00;2026-08-11 21:00:04
181384061;1106062;2026-09-02 17:00:00;2026-08-11 21:00:04
181384061;1106062;2026-09-02 17:15:00;2026-08-11 21:00:04
181384061;1106062;2026-09-02 17:30:00;2026-08-11 21:00:04
181384061;1106062;2026-09-03 07:45:00;2026-08-11 21:00:04
181384061;1106062;2026-09-03 08:00:00;2026-08-11 21:00:04
181384061;1106062;2026-09-03 08:15:00;2026-08-11 21:00:04
181384061;1106062;2026-09-03 08:30:00;2026-08-11 21:00:04
181384061;1106062;2026-09-03 08:45:00;2026-08-11 21:00:04
181384061;1106062;2026-09-03 09:00:00;2026-08-11 21:00:04
181384061;1106062;2026-09-03 09:15:00;2026-08-11 21:00:04
181384061;1106062;2026-09-03 09:30:00;2026-08-11 21:00:04
181384061;1106062;2026-09-03 09:45:00;2026-08-11 21:00:04
181384061;1106062;2026-09-03 11:30:00;2026-08-11 21:00:04
181384061;1106062;2026-09-03 11:45:00;2026-08-11 21:00:04
181384061;1106062;2026-09-03 12:00:00;2026-08-11 21:00:04
181384061;1106062;2026-09-03 12:15:00;2026-08-11 21:00:04
181384061;1106062;2026-09-03 12:30:00;2026-08-11 21:00:04
181384061;1106062;2026-09-03 12:45:00;2026-08-11 21:00:04
181384061;1106062;2026-09-03 13:00:00;2026-08-11 21:00:04
181384061;1106062;2026-09-03 13:15:00;2026-08-11 21:00:04
181384061;1106062;2026-09-03 13:30:00;2026-08-11 21:00:04
181384061;1106062;2026-09-03 13:45:00;2026-08-11 21:00:04
181384061;1106062;2026-09-04 12:15:00;2026-08-11 21:00:04
181384061;1106062;2026-09-04 12:30:00;2026-08-11 21:00:04
181384061;1106062;2026-09-04 12:45:00;2026-08-11 21:00:04
181384061;1106062;2026-09-04 13:00:00;2026-08-11 21:00:04
181384061;1106062;2026-09-04 13:15:00;2026-08-11 21:00:04
181384061;1106062;2026-09-04 13:30:00;2026-08-11 21:00:04
181384061;1106062;2026-09-04 13:45:00;2026-08-11 21:00:04
181384061;1106062;2026-09-04 15:45:00;2026-08-11 21:00:04
181384061;1106062;2026-09-04 16:00:00;2026-08-11 21:00:04
181384061;1106062;2026-09-04 16:15:00;2026-08-11 21:00:04
181384061;1106062;2026-09-04 16:30:00;2026-08-11 21:00:04
181384061;1106062;2026-09-04 16:45:00;2026-08-11 21:00:04
181384061;1106062;2026-09-04 17:00:00;2026-08-11 21:00:04
181384061;1106062;2026-09-04 17:15:00;2026-08-11 21:00:04
181384061;1106062;2026-09-04 17:30:00;2026-08-11 21:00:04
181384061;1106103;2026-08-26 09:45:00;2026-08-11 21:00:04
181384061;1106103;2026-08-26 10:45:00;2026-08-11 21:00:04
181384061;1106103;2026-08-27 13:30:00;2026-08-11 21:00:04
181384061;1106103;2026-08-27 13:45:00;2026-08-11 21:00:04
181384061;1106103;2026-08-27 14:15:00;2026-08-11 21:00:04
181384061;1106103;2026-08-27 14:30:00;2026-08-11 21:00:04
181384061;1106103;2026-08-27 14:45:00;2026-08-11 21:00:04
181384061;1106103;2026-08-27 15:00:00;2026-08-11 21:00:04
181384061;1106103;2026-08-27 15:15:00;2026-08-11 21:00:04
181384061;1106103;2026-08-27 15:30:00;2026-08-11 21:00:04
181384061;1106103;2026-08-27 15:45:00;2026-08-11 21:00:04
181384061;1106103;2026-08-27 16:30:00;2026-08-11 21:00:04
181384061;1106103;2026-08-27 16:45:00;2026-08-11 21:00:04
181384061;1106103;2026-08-28 09:30:00;2026-08-11 21:00:04
181384061;1106103;2026-08-28 09:45:00;2026-08-11 21:00:04
181384061;1106103;2026-08-28 10:00:00;2026-08-11 21:00:04
181384061;1106103;2026-08-28 10:15:00;2026-08-11 21:00:04
181384061;1106103;2026-08-28 10:45:00;2026-08-11 21:00:04
181384061;1106103;2026-08-28 11:30:00;2026-08-11 21:00:04
181384061;1106103;2026-08-28 11:45:00;2026-08-11 21:00:04
181384061;1106103;2026-08-28 12:00:00;2026-08-11 21:00:04
181384061;1106103;2026-08-31 14:00:00;2026-08-11 21:00:04
181384061;1106103;2026-08-31 14:15:00;2026-08-11 21:00:04
181384061;1106103;2026-08-31 14:30:00;2026-08-11 21:00:04
181384061;1106103;2026-08-31 14:45:00;2026-08-11 21:00:04
181384061;1106103;2026-08-31 15:00:00;2026-08-11 21:00:04
181384061;1106103;2026-08-31 15:15:00;2026-08-11 21:00:04
181384061;1106103;2026-08-31 15:30:00;2026-08-11 21:00:04
181384061;1106103;2026-08-31 15:45:00;2026-08-11 21:00:04
181384061;1106103;2026-08-31 16:30:00;2026-08-11 21:00:04
181384061;1106103;2026-08-31 16:45:00;2026-08-11 21:00:04
181384061;1106103;2026-09-01 13:30:00;2026-08-11 21:00:04
181384061;1106103;2026-09-01 13:45:00;2026-08-11 21:00:04
181384061;1106103;2026-09-01 14:00:00;2026-08-11 21:00:04
181384061;1106103;2026-09-01 14:15:00;2026-08-11 21:00:04
181384061;1106103;2026-09-01 14:30:00;2026-08-11 21:00:04
181384061;1106103;2026-09-01 14:45:00;2026-08-11 21:00:04
181384061;1106103;2026-09-01 15:00:00;2026-08-11 21:00:04
181384061;1106103;2026-09-01 15:15:00;2026-08-11 21:00:04
181384061;1106103;2026-09-01 15:30:00;2026-08-11 21:00:04
181384061;1106103;2026-09-01 15:45:00;2026-08-11 21:00:04
181384061;1106103;2026-09-01 16:30:00;2026-08-11 21:00:04
181384061;1106103;2026-09-01 16:45:00;2026-08-11 21:00:04
181384061;1106103;2026-09-02 08:45:00;2026-08-11 21:00:04
181384061;1106103;2026-09-02 09:00:00;2026-08-11 21:00:04
181384061;1106103;2026-09-02 09:15:00;2026-08-11 21:00:04
181384061;1106103;2026-09-02 09:30:00;2026-08-11 21:00:04
181384061;1106103;2026-09-02 09:45:00;2026-08-11 21:00:04
181384061;1106103;2026-09-02 10:00:00;2026-08-11 21:00:04
181384061;1106103;2026-09-02 10:15:00;2026-08-11 21:00:04
181384061;1106103;2026-09-02 10:30:00;2026-08-11 21:00:04
181384061;1106103;2026-09-02 10:45:00;2026-08-11 21:00:04
181384061;1106103;2026-09-02 11:30:00;2026-08-11 21:00:04
181384061;1106103;2026-09-02 11:45:00;2026-08-11 21:00:04
181384061;1106103;2026-09-02 12:00:00;2026-08-11 21:00:04
181384061;1106103;2026-09-03 13:30:00;2026-08-11 21:00:04
181384061;1106103;2026-09-03 13:45:00;2026-08-11 21:00:04
181384061;1106103;2026-09-03 14:15:00;2026-08-11 21:00:04
181384061;1106103;2026-09-03 14:30:00;2026-08-11 21:00:04
181384061;1106103;2026-09-03 14:45:00;2026-08-11 21:00:04
181384061;1106103;2026-09-03 15:00:00;2026-08-11 21:00:04
181384061;1106103;2026-09-03 15:15:00;2026-08-11 21:00:04
181384061;1106103;2026-09-03 15:30:00;2026-08-11 21:00:04
181384061;1106103;2026-09-03 15:45:00;2026-08-11 21:00:04
181384061;1106103;2026-09-03 16:30:00;2026-08-11 21:00:04
181384061;1106103;2026-09-03 16:45:00;2026-08-11 21:00:04
181384061;1106103;2026-09-04 08:45:00;2026-08-11 21:00:04
181384061;1106103;2026-09-04 09:00:00;2026-08-11 21:00:04
181384061;1106103;2026-09-04 09:15:00;2026-08-11 21:00:04
181384061;1106103;2026-09-04 09:30:00;2026-08-11 21:00:04
181384061;1106103;2026-09-04 09:45:00;2026-08-11 21:00:04
181384061;1106103;2026-09-04 10:00:00;2026-08-11 21:00:04
181384061;1106103;2026-09-04 10:15:00;2026-08-11 21:00:04
181384061;1106103;2026-09-04 10:30:00;2026-08-11 21:00:04
181384061;1106103;2026-09-04 10:45:00;2026-08-11 21:00:04
181384061;1106103;2026-09-04 11:45:00;2026-08-11 21:00:04
181384061;1106103;2026-09-07 13:30:00;2026-08-11 21:00:04
181384061;1106103;2026-09-07 13:45:00;2026-08-11 21:00:04
181384061;1106103;2026-09-07 14:00:00;2026-08-11 21:00:04
181384061;1106103;2026-09-07 14:15:00;2026-08-11 21:00:04
181384061;1106103;2026-09-07 14:30:00;2026-08-11 21:00:04
181384061;1106103;2026-09-07 14:45:00;2026-08-11 21:00:04
181384061;1106103;2026-09-07 15:00:00;2026-08-11 21:00:04
181384061;1106103;2026-09-07 15:15:00;2026-08-11 21:00:04
181384061;1106103;2026-09-07 15:30:00;2026-08-11 21:00:04
181384061;1106103;2026-09-07 15:45:00;2026-08-11 21:00:04
181384061;1106103;2026-09-07 16:30:00;2026-08-11 21:00:04
181384061;1106103;2026-09-07 16:45:00;2026-08-11 21:00:04
181384061;1106103;2026-09-08 08:45:00;2026-08-11 21:00:04
181384061;1106103;2026-09-08 09:00:00;2026-08-11 21:00:04
181384061;1106103;2026-09-08 09:15:00;2026-08-11 21:00:04
181384061;1106103;2026-09-08 09:30:00;2026-08-11 21:00:04
181384061;1106103;2026-09-08 09:45:00;2026-08-11 21:00:04
181384061;1106103;2026-09-08 10:00:00;2026-08-11 21:00:04
181384061;1106103;2026-09-08 10:15:00;2026-08-11 21:00:04
181384061;1106103;2026-09-08 10:30:00;2026-08-11 21:00:04
181384061;1106103;2026-09-08 10:45:00;2026-08-11 21:00:04
181384061;1106103;2026-09-08 11:30:00;2026-08-11 21:00:04
181384061;1106103;2026-09-08 11:45:00;2026-08-11 21:00:04
181384061;1106103;2026-09-09 13:30:00;2026-08-11 21:00:04
181384061;1106103;2026-09-09 13:45:00;2026-08-11 21:00:04
181384061;1106103;2026-09-09 14:00:00;2026-08-11 21:00:04
181384061;1106103;2026-09-09 14:15:00;2026-08-11 21:00:04
181384061;1106103;2026-09-09 14:30:00;2026-08-11 21:00:04
181384061;1106103;2026-09-09 14:45:00;2026-08-11 21:00:04
181384061;1106103;2026-09-09 15:00:00;2026-08-11 21:00:04
181384061;1106103;2026-09-09 15:15:00;2026-08-11 21:00:04
181384061;1106103;2026-09-09 15:30:00;2026-08-11 21:00:04
181384061;1106103;2026-09-09 15:45:00;2026-08-11 21:00:04
181384061;1106103;2026-09-09 16:30:00;2026-08-11 21:00:04
181384061;1106103;2026-09-09 16:45:00;2026-08-11 21:00:04
181384061;1106103;2026-09-10 08:45:00;2026-08-11 21:00:04
181384061;1106103;2026-09-10 09:00:00;2026-08-11 21:00:04
181384061;1106103;2026-09-10 09:15:00;2026-08-11 21:00:04
181384061;1106103;2026-09-10 09:30:00;2026-08-11 21:00:04
181384061;1106103;2026-09-10 09:45:00;2026-08-11 21:00:04
181384061;1106103;2026-09-10 10:00:00;2026-08-11 21:00:04
181384061;1106103;2026-09-10 10:15:00;2026-08-11 21:00:04
181384061;1106103;2026-09-10 10:30:00;2026-08-11 21:00:04
181384061;1106103;2026-09-10 10:45:00;2026-08-11 21:00:04
181384061;1106103;2026-09-10 11:30:00;2026-08-11 21:00:04
181384061;1106103;2026-09-10 11:45:00;2026-08-11 21:00:04
181384061;1106103;2026-09-10 12:00:00;2026-08-11 21:00:04
181384061;1106103;2026-09-11 13:30:00;2026-08-11 21:00:04
181384061;1106103;2026-09-11 13:45:00;2026-08-11 21:00:04
181384061;1106103;2026-09-11 14:00:00;2026-08-11 21:00:04
181384061;1106103;2026-09-11 14:15:00;2026-08-11 21:00:04
181384061;1106103;2026-09-11 14:30:00;2026-08-11 21:00:04
181384061;1106103;2026-09-11 14:45:00;2026-08-11 21:00:04
181384061;1106103;2026-09-11 15:00:00;2026-08-11 21:00:04
181384061;1106103;2026-09-11 15:15:00;2026-08-11 21:00:04
181384061;1106103;2026-09-11 15:30:00;2026-08-11 21:00:04
181384061;1106103;2026-09-11 15:45:00;2026-08-11 21:00:04
181384061;1106103;2026-09-11 16:30:00;2026-08-11 21:00:04
181384061;1106103;2026-09-11 16:45:00;2026-08-11 21:00:04
181384061;1106055;2026-08-25 07:15:00;2026-08-11 21:00:04
181384061;1106055;2026-08-25 07:45:00;2026-08-11 21:00:04
181384061;1106055;2026-08-25 09:45:00;2026-08-11 21:00:04
181384061;1106055;2026-08-25 10:15:00;2026-08-11 21:00:04
181384061;1106055;2026-08-25 10:30:00;2026-08-11 21:00:04
181384061;1106055;2026-08-25 10:45:00;2026-08-11 21:00:04
181384061;1106055;2026-08-25 11:30:00;2026-08-11 21:00:04
181384061;1106055;2026-08-25 11:45:00;2026-08-11 21:00:04
181384061;1106055;2026-08-25 12:00:00;2026-08-11 21:00:04
181384061;1106055;2026-08-25 13:00:00;2026-08-11 21:00:04
181384061;1106055;2026-08-25 13:15:00;2026-08-11 21:00:04
181384061;1106055;2026-08-26 13:15:00;2026-08-11 21:00:04
181384061;1106055;2026-08-26 13:30:00;2026-08-11 21:00:04
181384061;1106055;2026-08-26 13:45:00;2026-08-11 21:00:04
181384061;1106055;2026-08-26 14:00:00;2026-08-11 21:00:04
181384061;1106055;2026-08-26 14:15:00;2026-08-11 21:00:04
181384061;1106055;2026-08-26 14:30:00;2026-08-11 21:00:04
181384061;1106055;2026-08-26 14:45:00;2026-08-11 21:00:04
181384061;1106055;2026-08-26 15:00:00;2026-08-11 21:00:04
181384061;1106055;2026-08-26 15:15:00;2026-08-11 21:00:04
181384061;1106055;2026-08-26 16:00:00;2026-08-11 21:00:04
181384061;1106055;2026-08-26 16:15:00;2026-08-11 21:00:04
181384061;1106055;2026-08-26 16:30:00;2026-08-11 21:00:04
181384061;1106055;2026-08-26 16:45:00;2026-08-11 21:00:04
181384061;1106055;2026-08-26 17:15:00;2026-08-11 21:00:04
181384061;1106055;2026-08-26 17:30:00;2026-08-11 21:00:04
181384061;1106055;2026-08-26 17:45:00;2026-08-11 21:00:04
181384061;1106055;2026-08-26 18:00:00;2026-08-11 21:00:04
181384061;1106055;2026-08-26 18:15:00;2026-08-11 21:00:04
181384061;1106055;2026-08-26 18:45:00;2026-08-11 21:00:04
181384061;1106055;2026-08-27 07:30:00;2026-08-11 21:00:04
181384061;1106055;2026-08-27 07:45:00;2026-08-11 21:00:04
181384061;1106055;2026-08-27 08:00:00;2026-08-11 21:00:04
181384061;1106055;2026-08-27 08:15:00;2026-08-11 21:00:04
181384061;1106055;2026-08-27 08:45:00;2026-08-11 21:00:04
181384061;1106055;2026-08-27 09:00:00;2026-08-11 21:00:04
181384061;1106055;2026-08-27 09:15:00;2026-08-11 21:00:04
181384061;1106055;2026-08-27 09:30:00;2026-08-11 21:00:04
181384061;1106055;2026-08-27 09:45:00;2026-08-11 21:00:04
181384061;1106055;2026-08-27 10:00:00;2026-08-11 21:00:04
181384061;1106055;2026-08-27 10:15:00;2026-08-11 21:00:04
181384061;1106055;2026-08-27 10:30:00;2026-08-11 21:00:04
181384061;1106055;2026-08-27 10:45:00;2026-08-11 21:00:04
181384061;1106055;2026-08-27 11:45:00;2026-08-11 21:00:04
181384061;1106055;2026-08-27 12:30:00;2026-08-11 21:00:04
181384061;1106055;2026-08-27 12:45:00;2026-08-11 21:00:04
181384061;1106055;2026-08-27 13:00:00;2026-08-11 21:00:04
181384061;1106055;2026-08-27 13:15:00;2026-08-11 21:00:04
181384061;1106055;2026-08-27 13:30:00;2026-08-11 21:00:04
181384061;1106055;2026-08-28 14:00:00;2026-08-11 21:00:04
181384061;1106055;2026-08-28 14:15:00;2026-08-11 21:00:04
181384061;1106055;2026-08-28 14:30:00;2026-08-11 21:00:04
181384061;1106055;2026-08-28 14:45:00;2026-08-11 21:00:04
181384061;1106055;2026-08-28 15:00:00;2026-08-11 21:00:04
181384061;1106055;2026-08-28 15:15:00;2026-08-11 21:00:04
181384061;1106055;2026-08-28 16:00:00;2026-08-11 21:00:04
181384061;1106055;2026-08-28 16:15:00;2026-08-11 21:00:04
181384061;1106055;2026-08-28 16:30:00;2026-08-11 21:00:04
181384061;1106055;2026-08-28 16:45:00;2026-08-11 21:00:04
181384061;1106055;2026-08-28 17:00:00;2026-08-11 21:00:04
181384061;1106055;2026-08-28 17:15:00;2026-08-11 21:00:04
181384061;1106055;2026-08-28 17:30:00;2026-08-11 21:00:04
181384061;1106055;2026-08-28 17:45:00;2026-08-11 21:00:04
181384061;1106055;2026-08-28 18:15:00;2026-08-11 21:00:04
181384061;1106055;2026-08-28 18:30:00;2026-08-11 21:00:04
181384061;1106055;2026-08-28 18:45:00;2026-08-11 21:00:04
181384061;1106055;2026-08-31 07:15:00;2026-08-11 21:00:04
181384061;1106055;2026-08-31 07:30:00;2026-08-11 21:00:04
181384061;1106055;2026-08-31 07:45:00;2026-08-11 21:00:04
181384061;1106055;2026-08-31 08:00:00;2026-08-11 21:00:04
181384061;1106055;2026-08-31 08:15:00;2026-08-11 21:00:04
181384061;1106055;2026-08-31 08:30:00;2026-08-11 21:00:04
181384061;1106055;2026-08-31 08:45:00;2026-08-11 21:00:04
181384061;1106055;2026-08-31 09:00:00;2026-08-11 21:00:04
181384061;1106055;2026-08-31 09:15:00;2026-08-11 21:00:04
181384061;1106055;2026-08-31 09:30:00;2026-08-11 21:00:04
181384061;1106055;2026-08-31 09:45:00;2026-08-11 21:00:04
181384061;1106055;2026-08-31 10:00:00;2026-08-11 21:00:04
181384061;1106055;2026-08-31 10:15:00;2026-08-11 21:00:04
181384061;1106055;2026-08-31 10:45:00;2026-08-11 21:00:04
181384061;1106055;2026-08-31 11:30:00;2026-08-11 21:00:04
181384061;1106055;2026-08-31 11:45:00;2026-08-11 21:00:04
181384061;1106055;2026-08-31 12:00:00;2026-08-11 21:00:04
181384061;1106055;2026-08-31 12:15:00;2026-08-11 21:00:04
181384061;1106055;2026-08-31 12:45:00;2026-08-11 21:00:04
181384061;1106055;2026-08-31 13:00:00;2026-08-11 21:00:04
181384061;1106055;2026-08-31 13:15:00;2026-08-11 21:00:04
181384061;1106055;2026-09-01 07:30:00;2026-08-11 21:00:04
181384061;1106055;2026-09-01 07:45:00;2026-08-11 21:00:04
181384061;1106055;2026-09-01 08:00:00;2026-08-11 21:00:04
181384061;1106055;2026-09-01 08:15:00;2026-08-11 21:00:04
181384061;1106055;2026-09-01 08:30:00;2026-08-11 21:00:04
181384061;1106055;2026-09-01 08:45:00;2026-08-11 21:00:04
181384061;1106055;2026-09-01 09:00:00;2026-08-11 21:00:04
181384061;1106055;2026-09-01 09:15:00;2026-08-11 21:00:04
181384061;1106055;2026-09-01 09:30:00;2026-08-11 21:00:04
181384061;1106055;2026-09-01 09:45:00;2026-08-11 21:00:04
181384061;1106055;2026-09-01 10:00:00;2026-08-11 21:00:04
181384061;1106055;2026-09-01 10:15:00;2026-08-11 21:00:04
181384061;1106055;2026-09-01 10:30:00;2026-08-11 21:00:04
181384061;1106055;2026-09-01 10:45:00;2026-08-11 21:00:04
181384061;1106055;2026-09-01 11:30:00;2026-08-11 21:00:04
181384061;1106055;2026-09-01 11:45:00;2026-08-11 21:00:04
181384061;1106055;2026-09-01 12:00:00;2026-08-11 21:00:04
181384061;1106055;2026-09-01 12:15:00;2026-08-11 21:00:04
181384061;1106055;2026-09-01 12:30:00;2026-08-11 21:00:04
181384061;1106055;2026-09-01 12:45:00;2026-08-11 21:00:04
181384061;1106055;2026-09-01 13:00:00;2026-08-11 21:00:04
181384061;1106055;2026-09-01 13:15:00;2026-08-11 21:00:04
181384061;1106055;2026-09-01 13:30:00;2026-08-11 21:00:04
181384061;1106055;2026-09-02 12:30:00;2026-08-11 21:00:04
181384061;1106055;2026-09-02 12:45:00;2026-08-11 21:00:04
181384061;1106055;2026-09-02 13:00:00;2026-08-11 21:00:04
181384061;1106055;2026-09-02 13:15:00;2026-08-11 21:00:04
181384061;1106055;2026-09-02 13:30:00;2026-08-11 21:00:04
181384061;1106055;2026-09-02 13:45:00;2026-08-11 21:00:04
181384061;1106055;2026-09-02 14:00:00;2026-08-11 21:00:04
181384061;1106055;2026-09-02 14:15:00;2026-08-11 21:00:04
181384061;1106055;2026-09-02 14:30:00;2026-08-11 21:00:04
181384061;1106055;2026-09-02 14:45:00;2026-08-11 21:00:04
181384061;1106055;2026-09-02 15:00:00;2026-08-11 21:00:04
181384061;1106055;2026-09-02 15:15:00;2026-08-11 21:00:04
181384061;1106055;2026-09-02 16:00:00;2026-08-11 21:00:04
181384061;1106055;2026-09-02 16:15:00;2026-08-11 21:00:04
181384061;1106055;2026-09-02 16:30:00;2026-08-11 21:00:04
181384061;1106055;2026-09-02 16:45:00;2026-08-11 21:00:04
181384061;1106055;2026-09-02 17:00:00;2026-08-11 21:00:04
181384061;1106055;2026-09-02 17:15:00;2026-08-11 21:00:04
181384061;1106055;2026-09-02 17:30:00;2026-08-11 21:00:04
181384061;1106055;2026-09-02 17:45:00;2026-08-11 21:00:04
181384061;1106055;2026-09-02 18:00:00;2026-08-11 21:00:04
181384061;1106055;2026-09-02 18:15:00;2026-08-11 21:00:04
181384061;1106055;2026-09-02 18:30:00;2026-08-11 21:00:04
181384061;1106055;2026-09-02 18:45:00;2026-08-11 21:00:04
181384061;1106055;2026-09-03 07:15:00;2026-08-11 21:00:04
181384061;1106055;2026-09-03 07:30:00;2026-08-11 21:00:04
181384061;1106055;2026-09-03 07:45:00;2026-08-11 21:00:04
181384061;1106055;2026-09-03 08:15:00;2026-08-11 21:00:04
181384061;1106055;2026-09-03 08:30:00;2026-08-11 21:00:04
181384061;1106055;2026-09-03 08:45:00;2026-08-11 21:00:04
181384061;1106055;2026-09-03 09:00:00;2026-08-11 21:00:04
181384061;1106055;2026-09-03 09:15:00;2026-08-11 21:00:04
181384061;1106055;2026-09-03 09:30:00;2026-08-11 21:00:04
181384061;1106055;2026-09-03 09:45:00;2026-08-11 21:00:04
181384061;1106055;2026-09-03 10:00:00;2026-08-11 21:00:04
181384061;1106055;2026-09-03 10:15:00;2026-08-11 21:00:04
181384061;1106055;2026-09-03 10:30:00;2026-08-11 21:00:04
181384061;1106055;2026-09-03 11:30:00;2026-08-11 21:00:04
181384061;1106055;2026-09-03 11:45:00;2026-08-11 21:00:04
181384061;1106055;2026-09-03 12:00:00;2026-08-11 21:00:04
181384061;1106055;2026-09-03 12:15:00;2026-08-11 21:00:04
181384061;1106055;2026-09-03 12:30:00;2026-08-11 21:00:04
181384061;1106055;2026-09-03 12:45:00;2026-08-11 21:00:04
181384061;1106055;2026-09-03 13:00:00;2026-08-11 21:00:04
181384061;1106055;2026-09-03 13:15:00;2026-08-11 21:00:04
181384061;1106055;2026-09-03 13:30:00;2026-08-11 21:00:04
181384061;1106055;2026-09-04 13:00:00;2026-08-11 21:00:04
181384061;1106055;2026-09-04 13:15:00;2026-08-11 21:00:04
181384061;1106055;2026-09-04 13:30:00;2026-08-11 21:00:04
181384061;1106055;2026-09-04 13:45:00;2026-08-11 21:00:04
181384061;1106055;2026-09-04 14:00:00;2026-08-11 21:00:04
181384061;1106055;2026-09-04 14:15:00;2026-08-11 21:00:04
181384061;1106055;2026-09-04 14:30:00;2026-08-11 21:00:04
181384061;1106055;2026-09-04 14:45:00;2026-08-11 21:00:04
181384061;1106055;2026-09-04 15:00:00;2026-08-11 21:00:04
181384061;1106055;2026-09-04 15:15:00;2026-08-11 21:00:04
181384061;1106055;2026-09-04 16:15:00;2026-08-11 21:00:04
181384061;1106055;2026-09-04 16:30:00;2026-08-11 21:00:04
181384061;1106055;2026-09-04 16:45:00;2026-08-11 21:00:04
181384061;1106055;2026-09-04 17:00:00;2026-08-11 21:00:04
181384061;1106055;2026-09-04 17:15:00;2026-08-11 21:00:04
181384061;1106055;2026-09-04 17:30:00;2026-08-11 21:00:04
181384061;1106055;2026-09-04 17:45:00;2026-08-11 21:00:04
181384061;1106055;2026-09-04 18:00:00;2026-08-11 21:00:04
181384061;1106055;2026-09-04 18:15:00;2026-08-11 21:00:04
181384061;1106055;2026-09-04 18:30:00;2026-08-11 21:00:04
181384061;1106055;2026-09-04 18:45:00;2026-08-11 21:00:04
181384061;1106055;2026-09-07 07:15:00;2026-08-11 21:00:04
181384061;1106055;2026-09-07 07:30:00;2026-08-11 21:00:04
181384061;1106055;2026-09-07 07:45:00;2026-08-11 21:00:04
181384061;1106055;2026-09-07 08:00:00;2026-08-11 21:00:04
181384061;1106055;2026-09-07 08:15:00;2026-08-11 21:00:04
181384061;1106055;2026-09-07 08:30:00;2026-08-11 21:00:04
181384061;1106055;2026-09-07 08:45:00;2026-08-11 21:00:04
181384061;1106055;2026-09-07 09:00:00;2026-08-11 21:00:04
181384061;1106055;2026-09-07 09:15:00;2026-08-11 21:00:04
181384061;1106055;2026-09-07 09:30:00;2026-08-11 21:00:04
181384061;1106055;2026-09-07 10:00:00;2026-08-11 21:00:04
181384061;1106055;2026-09-07 10:15:00;2026-08-11 21:00:04
181384061;1106055;2026-09-07 10:30:00;2026-08-11 21:00:04
181384061;1106055;2026-09-07 10:45:00;2026-08-11 21:00:04
181384061;1106055;2026-09-07 11:30:00;2026-08-11 21:00:04
181384061;1106055;2026-09-07 11:45:00;2026-08-11 21:00:04
181384061;1106055;2026-09-07 12:15:00;2026-08-11 21:00:04
181384061;1106055;2026-09-07 12:30:00;2026-08-11 21:00:04
181384061;1106055;2026-09-07 12:45:00;2026-08-11 21:00:04
181384061;1106055;2026-09-07 13:00:00;2026-08-11 21:00:04
181384061;1106055;2026-09-07 13:15:00;2026-08-11 21:00:04
181384061;1106055;2026-09-08 12:30:00;2026-08-11 21:00:04
181384061;1106055;2026-09-08 12:45:00;2026-08-11 21:00:04
181384061;1106055;2026-09-08 13:00:00;2026-08-11 21:00:04
181384061;1106055;2026-09-08 13:15:00;2026-08-11 21:00:04
181384061;1106055;2026-09-08 13:30:00;2026-08-11 21:00:04
181384061;1106055;2026-09-08 13:45:00;2026-08-11 21:00:04
181384061;1106055;2026-09-08 14:00:00;2026-08-11 21:00:04
181384061;1106055;2026-09-08 14:15:00;2026-08-11 21:00:04
181384061;1106055;2026-09-08 14:30:00;2026-08-11 21:00:04
181384061;1106055;2026-09-08 14:45:00;2026-08-11 21:00:04
181384061;1106055;2026-09-08 15:00:00;2026-08-11 21:00:04
181384061;1106055;2026-09-08 15:15:00;2026-08-11 21:00:04
181384061;1106055;2026-09-08 16:00:00;2026-08-11 21:00:04
181384061;1106055;2026-09-08 16:15:00;2026-08-11 21:00:04
181384061;1106055;2026-09-08 16:30:00;2026-08-11 21:00:04
181384061;1106055;2026-09-08 16:45:00;2026-08-11 21:00:04
181384061;1106055;2026-09-08 17:00:00;2026-08-11 21:00:04
181384061;1106055;2026-09-08 17:15:00;2026-08-11 21:00:04
181384061;1106055;2026-09-08 17:30:00;2026-08-11 21:00:04
181384061;1106055;2026-09-08 17:45:00;2026-08-11 21:00:04
181384061;1106055;2026-09-08 18:00:00;2026-08-11 21:00:04
181384061;1106055;2026-09-08 18:15:00;2026-08-11 21:00:04
181384061;1106055;2026-09-08 18:30:00;2026-08-11 21:00:04
181384061;1106055;2026-09-08 18:45:00;2026-08-11 21:00:04
181384061;1106055;2026-09-09 07:15:00;2026-08-11 21:00:04
181384061;1106055;2026-09-09 07:30:00;2026-08-11 21:00:04
181384061;1106055;2026-09-09 07:45:00;2026-08-11 21:00:04
181384061;1106055;2026-09-09 08:00:00;2026-08-11 21:00:04
181384061;1106055;2026-09-09 08:15:00;2026-08-11 21:00:04
181384061;1106055;2026-09-09 08:30:00;2026-08-11 21:00:04
181384061;1106055;2026-09-09 08:45:00;2026-08-11 21:00:04
181384061;1106055;2026-09-09 09:00:00;2026-08-11 21:00:04
181384061;1106055;2026-09-09 09:15:00;2026-08-11 21:00:04
181384061;1106055;2026-09-09 09:30:00;2026-08-11 21:00:04
181384061;1106055;2026-09-09 09:45:00;2026-08-11 21:00:04
181384061;1106055;2026-09-09 10:00:00;2026-08-11 21:00:04
181384061;1106055;2026-09-09 10:15:00;2026-08-11 21:00:04
181384061;1106055;2026-09-09 10:30:00;2026-08-11 21:00:04
181384061;1106055;2026-09-09 10:45:00;2026-08-11 21:00:04
181384061;1106055;2026-09-09 11:30:00;2026-08-11 21:00:04
181384061;1106055;2026-09-09 11:45:00;2026-08-11 21:00:04
181384061;1106055;2026-09-09 12:00:00;2026-08-11 21:00:04
181384061;1106055;2026-09-09 12:15:00;2026-08-11 21:00:04
181384061;1106055;2026-09-09 12:30:00;2026-08-11 21:00:04
181384061;1106055;2026-09-09 12:45:00;2026-08-11 21:00:04
181384061;1106055;2026-09-09 13:00:00;2026-08-11 21:00:04
181384061;1106055;2026-09-09 13:15:00;2026-08-11 21:00:04
181384061;1106055;2026-09-09 13:30:00;2026-08-11 21:00:04
181384061;1106055;2026-09-10 13:00:00;2026-08-11 21:00:04
181384061;1106055;2026-09-10 13:15:00;2026-08-11 21:00:04
181384061;1106055;2026-09-10 13:30:00;2026-08-11 21:00:04
181384061;1106055;2026-09-10 13:45:00;2026-08-11 21:00:04
181384061;1106055;2026-09-10 14:00:00;2026-08-11 21:00:04
181384061;1106055;2026-09-10 14:15:00;2026-08-11 21:00:04
181384061;1106055;2026-09-10 14:30:00;2026-08-11 21:00:04
181384061;1106055;2026-09-10 14:45:00;2026-08-11 21:00:04
181384061;1106055;2026-09-10 15:00:00;2026-08-11 21:00:04
181384061;1106055;2026-09-10 15:15:00;2026-08-11 21:00:04
181384061;1106055;2026-09-10 16:15:00;2026-08-11 21:00:04
181384061;1106055;2026-09-10 16:30:00;2026-08-11 21:00:04
181384061;1106055;2026-09-10 16:45:00;2026-08-11 21:00:04
181384061;1106055;2026-09-10 17:00:00;2026-08-11 21:00:04
181384061;1106055;2026-09-10 17:15:00;2026-08-11 21:00:04
181384061;1106055;2026-09-10 17:30:00;2026-08-11 21:00:04
181384061;1106055;2026-09-10 17:45:00;2026-08-11 21:00:04
181384061;1106055;2026-09-10 18:00:00;2026-08-11 21:00:04
181384061;1106055;2026-09-10 18:15:00;2026-08-11 21:00:04
181384061;1106055;2026-09-10 18:30:00;2026-08-11 21:00:04
181384061;1106055;2026-09-10 18:45:00;2026-08-11 21:00:04
181384061;1106055;2026-09-11 07:15:00;2026-08-11 21:00:04
181384061;1106055;2026-09-11 07:30:00;2026-08-11 21:00:04
181384061;1106055;2026-09-11 07:45:00;2026-08-11 21:00:04
181384061;1106055;2026-09-11 08:00:00;2026-08-11 21:00:04
181384061;1106055;2026-09-11 08:15:00;2026-08-11 21:00:04
181384061;1106055;2026-09-11 08:30:00;2026-08-11 21:00:04
181384061;1106055;2026-09-11 08:45:00;2026-08-11 21:00:04
181384061;1106055;2026-09-11 09:00:00;2026-08-11 21:00:04
181384061;1106055;2026-09-11 09:15:00;2026-08-11 21:00:04
181384061;1106055;2026-09-11 09:30:00;2026-08-11 21:00:04
181384061;1106055;2026-09-11 09:45:00;2026-08-11 21:00:04
181384061;1106055;2026-09-11 10:00:00;2026-08-11 21:00:04
181384061;1106055;2026-09-11 10:15:00;2026-08-11 21:00:04
181384061;1106055;2026-09-11 10:30:00;2026-08-11 21:00:04
181384061;1106055;2026-09-11 10:45:00;2026-08-11 21:00:04
181384061;1106055;2026-09-11 11:30:00;2026-08-11 21:00:04
181384061;1106055;2026-09-11 11:45:00;2026-08-11 21:00:04
181384061;1106055;2026-09-11 12:00:00;2026-08-11 21:00:04
181384061;1106055;2026-09-11 12:15:00;2026-08-11 21:00:04
181384061;1106055;2026-09-11 12:30:00;2026-08-11 21:00:04
181384061;1106055;2026-09-11 12:45:00;2026-08-11 21:00:04
181384061;1106055;2026-09-11 13:00:00;2026-08-11 21:00:04
181384061;1106055;2026-09-11 13:15:00;2026-08-11 21:00:04
181384061;1106055;2026-09-11 13:30:00;2026-08-11 21:00:04
181384061;1106861;2026-08-31 14:15:00;2026-08-11 21:00:04
181384061;1106861;2026-08-31 14:30:00;2026-08-11 21:00:04
181384061;1106861;2026-08-31 14:45:00;2026-08-11 21:00:04
181384061;1106861;2026-08-31 15:00:00;2026-08-11 21:00:04
181384061;1106861;2026-08-31 15:15:00;2026-08-11 21:00:04
181384061;1106861;2026-08-31 15:30:00;2026-08-11 21:00:04
181384061;1106861;2026-08-31 15:45:00;2026-08-11 21:00:04
181384061;1106861;2026-09-01 14:00:00;2026-08-11 21:00:04
181384061;1106861;2026-09-01 14:15:00;2026-08-11 21:00:04
181384061;1106861;2026-09-01 14:30:00;2026-08-11 21:00:04
181384061;1106861;2026-09-01 14:45:00;2026-08-11 21:00:04
181384061;1106861;2026-09-01 15:00:00;2026-08-11 21:00:04
181384061;1106861;2026-09-01 15:15:00;2026-08-11 21:00:04
181384061;1106861;2026-09-01 15:30:00;2026-08-11 21:00:04
181384061;1106861;2026-09-01 15:45:00;2026-08-11 21:00:04
181384061;1106861;2026-09-01 16:00:00;2026-08-11 21:00:04
181384061;1106861;2026-09-01 16:15:00;2026-08-11 21:00:04
181384061;1106861;2026-09-01 17:00:00;2026-08-11 21:00:04
181384061;1106861;2026-09-01 17:15:00;2026-08-11 21:00:04
181384061;1106861;2026-09-02 07:00:00;2026-08-11 21:00:04
181384061;1106861;2026-09-02 07:15:00;2026-08-11 21:00:04
181384061;1106861;2026-09-02 07:30:00;2026-08-11 21:00:04
181384061;1106861;2026-09-02 07:45:00;2026-08-11 21:00:04
181384061;1106861;2026-09-02 08:00:00;2026-08-11 21:00:04
181384061;1106861;2026-09-02 08:15:00;2026-08-11 21:00:04
181384061;1106861;2026-09-02 08:30:00;2026-08-11 21:00:04
181384061;1106861;2026-09-02 08:45:00;2026-08-11 21:00:04
181384061;1106861;2026-09-02 09:00:00;2026-08-11 21:00:04
181384061;1106861;2026-09-02 09:15:00;2026-08-11 21:00:04
181384061;1106861;2026-09-02 09:30:00;2026-08-11 21:00:04
181384061;1106861;2026-09-02 09:45:00;2026-08-11 21:00:04
181384061;1106861;2026-09-02 10:00:00;2026-08-11 21:00:04
181384061;1106861;2026-09-02 11:00:00;2026-08-11 21:00:04
181384061;1106861;2026-09-03 13:45:00;2026-08-11 21:00:04
181384061;1106861;2026-09-03 14:00:00;2026-08-11 21:00:04
181384061;1106861;2026-09-03 14:15:00;2026-08-11 21:00:04
181384061;1106861;2026-09-03 14:30:00;2026-08-11 21:00:04
181384061;1106861;2026-09-03 14:45:00;2026-08-11 21:00:04
181384061;1106861;2026-09-03 15:00:00;2026-08-11 21:00:04
181384061;1106861;2026-09-03 15:15:00;2026-08-11 21:00:04
181384061;1106861;2026-09-03 15:30:00;2026-08-11 21:00:04
181384061;1106861;2026-09-03 15:45:00;2026-08-11 21:00:04
181384061;1106861;2026-09-03 16:00:00;2026-08-11 21:00:04
181384061;1106861;2026-09-03 16:15:00;2026-08-11 21:00:04
181384061;1106861;2026-09-03 17:00:00;2026-08-11 21:00:04
181384061;1106861;2026-09-03 17:15:00;2026-08-11 21:00:04
181384061;1106861;2026-09-04 07:00:00;2026-08-11 21:00:04
181384061;1106861;2026-09-04 07:15:00;2026-08-11 21:00:04
181384061;1106861;2026-09-04 07:30:00;2026-08-11 21:00:04
181384061;1106861;2026-09-04 07:45:00;2026-08-11 21:00:04
181384061;1106861;2026-09-04 08:00:00;2026-08-11 21:00:04
181384061;1106861;2026-09-04 08:15:00;2026-08-11 21:00:04
181384061;1106861;2026-09-04 08:30:00;2026-08-11 21:00:04
181384061;1106861;2026-09-04 08:45:00;2026-08-11 21:00:04
181384061;1106861;2026-09-04 09:00:00;2026-08-11 21:00:04
181384061;1106861;2026-09-04 09:15:00;2026-08-11 21:00:04
181384061;1106861;2026-09-04 09:30:00;2026-08-11 21:00:04
181384061;1106861;2026-09-04 09:45:00;2026-08-11 21:00:04
181384061;1106861;2026-09-04 10:00:00;2026-08-11 21:00:04
181384061;1106861;2026-09-04 10:15:00;2026-08-11 21:00:04
181384061;1106861;2026-09-04 11:00:00;2026-08-11 21:00:04
181384061;1106861;2026-09-07 13:30:00;2026-08-11 21:00:04
181384061;1106861;2026-09-07 13:45:00;2026-08-11 21:00:04
181384061;1106861;2026-09-07 14:00:00;2026-08-11 21:00:04
181384061;1106861;2026-09-07 14:15:00;2026-08-11 21:00:04
181384061;1106861;2026-09-07 14:30:00;2026-08-11 21:00:04
181384061;1106861;2026-09-07 14:45:00;2026-08-11 21:00:04
181384061;1106861;2026-09-07 15:00:00;2026-08-11 21:00:04
181384061;1106861;2026-09-07 15:15:00;2026-08-11 21:00:04
181384061;1106861;2026-09-07 15:30:00;2026-08-11 21:00:04
181384061;1106861;2026-09-07 15:45:00;2026-08-11 21:00:04
181384061;1106861;2026-09-07 16:00:00;2026-08-11 21:00:04
181384061;1106861;2026-09-07 16:15:00;2026-08-11 21:00:04
181384061;1106861;2026-09-07 17:00:00;2026-08-11 21:00:04
181384061;1106861;2026-09-08 07:15:00;2026-08-11 21:00:04
181384061;1106861;2026-09-08 07:30:00;2026-08-11 21:00:04
181384061;1106861;2026-09-08 07:45:00;2026-08-11 21:00:04
181384061;1106861;2026-09-08 08:00:00;2026-08-11 21:00:04
181384061;1106861;2026-09-08 08:15:00;2026-08-11 21:00:04
181384061;1106861;2026-09-08 08:30:00;2026-08-11 21:00:04
181384061;1106861;2026-09-08 08:45:00;2026-08-11 21:00:04
181384061;1106861;2026-09-08 09:00:00;2026-08-11 21:00:04
181384061;1106861;2026-09-08 09:15:00;2026-08-11 21:00:04
181384061;1106861;2026-09-08 09:30:00;2026-08-11 21:00:04
181384061;1106861;2026-09-08 09:45:00;2026-08-11 21:00:04
181384061;1106861;2026-09-08 10:15:00;2026-08-11 21:00:04
181384061;1106861;2026-09-09 13:30:00;2026-08-11 21:00:04
181384061;1106861;2026-09-09 13:45:00;2026-08-11 21:00:04
181384061;1106861;2026-09-09 14:00:00;2026-08-11 21:00:04
181384061;1106861;2026-09-09 14:15:00;2026-08-11 21:00:04
181384061;1106861;2026-09-09 14:30:00;2026-08-11 21:00:04
181384061;1106861;2026-09-09 14:45:00;2026-08-11 21:00:04
181384061;1106861;2026-09-09 15:00:00;2026-08-11 21:00:04
181384061;1106861;2026-09-09 15:15:00;2026-08-11 21:00:04
181384061;1106861;2026-09-09 15:30:00;2026-08-11 21:00:04
181384061;1106861;2026-09-09 15:45:00;2026-08-11 21:00:04
181384061;1106861;2026-09-09 16:00:00;2026-08-11 21:00:04
181384061;1106861;2026-09-09 16:15:00;2026-08-11 21:00:04
181384061;1106861;2026-09-09 17:00:00;2026-08-11 21:00:04
181384061;1106861;2026-09-09 17:15:00;2026-08-11 21:00:04
181384061;1106861;2026-09-09 17:30:00;2026-08-11 21:00:04
181384061;1106861;2026-09-10 07:00:00;2026-08-11 21:00:04
181384061;1106861;2026-09-10 07:15:00;2026-08-11 21:00:04
181384061;1106861;2026-09-10 07:30:00;2026-08-11 21:00:04
181384061;1106861;2026-09-10 07:45:00;2026-08-11 21:00:04
181384061;1106861;2026-09-10 08:00:00;2026-08-11 21:00:04
181384061;1106861;2026-09-10 08:15:00;2026-08-11 21:00:04
181384061;1106861;2026-09-10 08:30:00;2026-08-11 21:00:04
181384061;1106861;2026-09-10 08:45:00;2026-08-11 21:00:04
181384061;1106861;2026-09-10 09:00:00;2026-08-11 21:00:04
181384061;1106861;2026-09-10 09:15:00;2026-08-11 21:00:04
181384061;1106861;2026-09-10 09:30:00;2026-08-11 21:00:04
181384061;1106861;2026-09-10 09:45:00;2026-08-11 21:00:04
181384061;1106861;2026-09-10 10:15:00;2026-08-11 21:00:04
181384061;1106861;2026-09-10 11:00:00;2026-08-11 21:00:04
181384061;1106861;2026-09-11 14:00:00;2026-08-11 21:00:04
181384061;1106861;2026-09-11 14:15:00;2026-08-11 21:00:04
181384061;1106861;2026-09-11 14:30:00;2026-08-11 21:00:04
181384061;1106861;2026-09-11 14:45:00;2026-08-11 21:00:04
181384061;1106861;2026-09-11 15:00:00;2026-08-11 21:00:04
181384061;1106861;2026-09-11 15:15:00;2026-08-11 21:00:04
181384061;1106861;2026-09-11 15:30:00;2026-08-11 21:00:04
181384061;1106861;2026-09-11 15:45:00;2026-08-11 21:00:04
181384061;1106861;2026-09-11 16:00:00;2026-08-11 21:00:04
181384061;1106861;2026-09-11 16:15:00;2026-08-11 21:00:04
181384061;1106861;2026-09-11 17:00:00;2026-08-11 21:00:04
181384061;1106861;2026-09-11 17:15:00;2026-08-11 21:00:04
181384061;1106861;2026-09-11 17:30:00;2026-08-11 21:00:04
181384061;1116647;2026-08-21 11:15:00;2026-08-11 21:00:04
181384061;1116647;2026-08-21 12:30:00;2026-08-11 21:00:04
181384061;1116647;2026-08-21 12:45:00;2026-08-11 21:00:04
181384061;1116647;2026-08-24 12:30:00;2026-08-11 21:00:04
181384061;1116647;2026-08-24 12:45:00;2026-08-11 21:00:04
181384061;1116647;2026-08-24 13:00:00;2026-08-11 21:00:04
181384061;1116647;2026-08-24 13:15:00;2026-08-11 21:00:04
181384061;1116647;2026-08-24 13:30:00;2026-08-11 21:00:04
181384061;1116647;2026-08-24 15:00:00;2026-08-11 21:00:04
181384061;1116647;2026-08-25 09:30:00;2026-08-11 21:00:04
181384061;1116647;2026-08-25 09:45:00;2026-08-11 21:00:04
181384061;1116647;2026-08-25 10:45:00;2026-08-11 21:00:04
181384061;1116647;2026-08-25 11:00:00;2026-08-11 21:00:04
181384061;1116647;2026-08-25 11:15:00;2026-08-11 21:00:04
181384061;1116647;2026-08-25 12:30:00;2026-08-11 21:00:04
181384061;1116647;2026-08-25 12:45:00;2026-08-11 21:00:04
181384061;1116647;2026-08-25 13:00:00;2026-08-11 21:00:04
181384061;1116647;2026-08-26 11:15:00;2026-08-11 21:00:04
181384061;1116647;2026-08-26 11:30:00;2026-08-11 21:00:04
181384061;1116647;2026-08-26 11:45:00;2026-08-11 21:00:04
181384061;1116647;2026-08-26 12:00:00;2026-08-11 21:00:04
181384061;1116647;2026-08-26 12:15:00;2026-08-11 21:00:04
181384061;1116647;2026-08-26 12:30:00;2026-08-11 21:00:04
181384061;1116647;2026-08-26 12:45:00;2026-08-11 21:00:04
181384061;1116647;2026-08-26 13:00:00;2026-08-11 21:00:04
181384061;1116647;2026-08-26 13:15:00;2026-08-11 21:00:04
181384061;1116647;2026-08-26 13:30:00;2026-08-11 21:00:04
181384061;1116647;2026-08-26 15:15:00;2026-08-11 21:00:04
181384061;1116647;2026-08-27 09:00:00;2026-08-11 21:00:04
181384061;1116647;2026-08-27 09:15:00;2026-08-11 21:00:04
181384061;1116647;2026-08-27 09:30:00;2026-08-11 21:00:04
181384061;1116647;2026-08-27 09:45:00;2026-08-11 21:00:04
181384061;1116647;2026-08-27 10:00:00;2026-08-11 21:00:04
181384061;1116647;2026-08-27 10:15:00;2026-08-11 21:00:04
181384061;1116647;2026-08-27 10:30:00;2026-08-11 21:00:04
181384061;1116647;2026-08-27 10:45:00;2026-08-11 21:00:04
181384061;1116647;2026-08-27 11:00:00;2026-08-11 21:00:04
181384061;1116647;2026-08-27 11:15:00;2026-08-11 21:00:04
181384061;1116647;2026-08-27 12:30:00;2026-08-11 21:00:04
181384061;1116647;2026-08-27 12:45:00;2026-08-11 21:00:04
181384061;1116647;2026-08-28 12:15:00;2026-08-11 21:00:04
181384061;1116647;2026-08-28 12:30:00;2026-08-11 21:00:04
181384061;1116647;2026-08-28 12:45:00;2026-08-11 21:00:04
181384061;1116647;2026-08-28 13:00:00;2026-08-11 21:00:04
181384061;1116647;2026-08-28 13:15:00;2026-08-11 21:00:04
181384061;1116647;2026-08-28 15:15:00;2026-08-11 21:00:04
181384061;1116647;2026-08-31 09:15:00;2026-08-11 21:00:04
181384061;1116647;2026-08-31 09:30:00;2026-08-11 21:00:04
181384061;1116647;2026-08-31 09:45:00;2026-08-11 21:00:04
181384061;1116647;2026-08-31 10:15:00;2026-08-11 21:00:04
181384061;1116647;2026-08-31 10:30:00;2026-08-11 21:00:04
181384061;1116647;2026-08-31 10:45:00;2026-08-11 21:00:04
181384061;1116647;2026-08-31 11:15:00;2026-08-11 21:00:04
181384061;1116647;2026-08-31 12:30:00;2026-08-11 21:00:04
181384061;1116647;2026-08-31 12:45:00;2026-08-11 21:00:04
181384061;1116647;2026-09-02 11:45:00;2026-08-11 21:00:04
181384061;1116647;2026-09-02 12:00:00;2026-08-11 21:00:04
181384061;1116647;2026-09-02 12:15:00;2026-08-11 21:00:04
181384061;1116647;2026-09-02 12:30:00;2026-08-11 21:00:04
181384061;1116647;2026-09-02 12:45:00;2026-08-11 21:00:04
181384061;1116647;2026-09-02 13:00:00;2026-08-11 21:00:04
181384061;1116647;2026-09-02 13:15:00;2026-08-11 21:00:04
181384061;1116647;2026-09-02 15:00:00;2026-08-11 21:00:04
181384061;1116647;2026-09-02 15:15:00;2026-08-11 21:00:04
181384061;1116647;2026-09-02 15:30:00;2026-08-11 21:00:04
181384061;1116647;2026-09-03 08:15:00;2026-08-11 21:00:04
181384061;1116647;2026-09-03 08:30:00;2026-08-11 21:00:04
181384061;1116647;2026-09-03 08:45:00;2026-08-11 21:00:04
181384061;1116647;2026-09-03 09:15:00;2026-08-11 21:00:04
181384061;1116647;2026-09-03 09:30:00;2026-08-11 21:00:04
181384061;1116647;2026-09-03 09:45:00;2026-08-11 21:00:04
181384061;1116647;2026-09-03 10:00:00;2026-08-11 21:00:04
181384061;1116647;2026-09-03 10:15:00;2026-08-11 21:00:04
181384061;1116647;2026-09-03 10:30:00;2026-08-11 21:00:04
181384061;1116647;2026-09-03 10:45:00;2026-08-11 21:00:04
181384061;1116647;2026-09-03 11:15:00;2026-08-11 21:00:04
181384061;1116647;2026-09-03 12:30:00;2026-08-11 21:00:04
181384061;1116647;2026-09-03 12:45:00;2026-08-11 21:00:04
181384061;1116647;2026-09-03 13:00:00;2026-08-11 21:00:04
181384061;1116647;2026-09-04 12:00:00;2026-08-11 21:00:04
181384061;1116647;2026-09-04 12:15:00;2026-08-11 21:00:04
181384061;1116647;2026-09-04 12:30:00;2026-08-11 21:00:04
181384061;1116647;2026-09-04 12:45:00;2026-08-11 21:00:04
181384061;1116647;2026-09-04 13:00:00;2026-08-11 21:00:04
181384061;1116647;2026-09-04 13:15:00;2026-08-11 21:00:04
181384061;1116647;2026-09-04 13:30:00;2026-08-11 21:00:04
181384061;1116647;2026-09-04 15:00:00;2026-08-11 21:00:04
181384061;1116647;2026-09-04 15:15:00;2026-08-11 21:00:04
181384061;1116647;2026-09-04 15:30:00;2026-08-11 21:00:04
181384061;1116647;2026-09-07 09:15:00;2026-08-11 21:00:04
181384061;1116647;2026-09-07 09:30:00;2026-08-11 21:00:04
181384061;1116647;2026-09-07 09:45:00;2026-08-11 21:00:04
181384061;1116647;2026-09-07 10:00:00;2026-08-11 21:00:04
181384061;1116647;2026-09-07 10:15:00;2026-08-11 21:00:04
181384061;1116647;2026-09-07 10:30:00;2026-08-11 21:00:04
181384061;1116647;2026-09-07 10:45:00;2026-08-11 21:00:04
181384061;1116647;2026-09-07 11:00:00;2026-08-11 21:00:04
181384061;1116647;2026-09-07 12:30:00;2026-08-11 21:00:04
181384061;1116647;2026-09-07 12:45:00;2026-08-11 21:00:04
181384061;1116647;2026-09-07 13:00:00;2026-08-11 21:00:04
181384061;1116647;2026-09-08 11:00:00;2026-08-11 21:00:04
181384061;1116647;2026-09-08 11:15:00;2026-08-11 21:00:04
181384061;1116647;2026-09-08 11:30:00;2026-08-11 21:00:04
181384061;1116647;2026-09-08 11:45:00;2026-08-11 21:00:04
181384061;1116647;2026-09-08 12:00:00;2026-08-11 21:00:04
181384061;1116647;2026-09-08 12:15:00;2026-08-11 21:00:04
181384061;1116647;2026-09-08 12:30:00;2026-08-11 21:00:04
181384061;1116647;2026-09-08 12:45:00;2026-08-11 21:00:04
181384061;1116647;2026-09-08 13:00:00;2026-08-11 21:00:04
181384061;1116647;2026-09-08 13:15:00;2026-08-11 21:00:04
181384061;1116647;2026-09-08 13:30:00;2026-08-11 21:00:04
181384061;1116647;2026-09-08 15:00:00;2026-08-11 21:00:04
181384061;1116647;2026-09-08 15:15:00;2026-08-11 21:00:04
181384061;1116647;2026-09-09 08:15:00;2026-08-11 21:00:04
181384061;1116647;2026-09-09 08:30:00;2026-08-11 21:00:04
181384061;1116647;2026-09-09 08:45:00;2026-08-11 21:00:04
181384061;1116647;2026-09-09 09:00:00;2026-08-11 21:00:04
181384061;1116647;2026-09-09 09:15:00;2026-08-11 21:00:04
181384061;1116647;2026-09-09 09:30:00;2026-08-11 21:00:04
181384061;1116647;2026-09-09 09:45:00;2026-08-11 21:00:04
181384061;1116647;2026-09-09 10:15:00;2026-08-11 21:00:04
181384061;1116647;2026-09-09 10:30:00;2026-08-11 21:00:04
181384061;1116647;2026-09-09 10:45:00;2026-08-11 21:00:04
181384061;1116647;2026-09-09 11:00:00;2026-08-11 21:00:04
181384061;1116647;2026-09-09 11:15:00;2026-08-11 21:00:04
181384061;1116647;2026-09-09 12:30:00;2026-08-11 21:00:04
181384061;1116647;2026-09-09 12:45:00;2026-08-11 21:00:04
181384061;1116647;2026-09-10 10:45:00;2026-08-11 21:00:04
181384061;1116647;2026-09-10 11:00:00;2026-08-11 21:00:04
181384061;1116647;2026-09-10 11:15:00;2026-08-11 21:00:04
181384061;1116647;2026-09-10 11:30:00;2026-08-11 21:00:04
181384061;1116647;2026-09-10 11:45:00;2026-08-11 21:00:04
181384061;1116647;2026-09-10 12:00:00;2026-08-11 21:00:04
181384061;1116647;2026-09-10 12:15:00;2026-08-11 21:00:04
181384061;1116647;2026-09-10 12:30:00;2026-08-11 21:00:04
181384061;1116647;2026-09-10 12:45:00;2026-08-11 21:00:04
181384061;1116647;2026-09-10 13:00:00;2026-08-11 21:00:04
181384061;1116647;2026-09-10 13:15:00;2026-08-11 21:00:04
181384061;1116647;2026-09-10 13:30:00;2026-08-11 21:00:04
181384061;1116647;2026-09-10 15:00:00;2026-08-11 21:00:04
181384061;1116647;2026-09-10 15:15:00;2026-08-11 21:00:04
181384061;1116647;2026-09-11 08:15:00;2026-08-11 21:00:04
181384061;1116647;2026-09-11 08:45:00;2026-08-11 21:00:04
181384061;1116647;2026-09-11 09:00:00;2026-08-11 21:00:04
181384061;1116647;2026-09-11 09:15:00;2026-08-11 21:00:04
181384061;1116647;2026-09-11 09:30:00;2026-08-11 21:00:04
181384061;1116647;2026-09-11 09:45:00;2026-08-11 21:00:04
181384061;1116647;2026-09-11 10:00:00;2026-08-11 21:00:04
181384061;1116647;2026-09-11 10:15:00;2026-08-11 21:00:04
181384061;1116647;2026-09-11 10:30:00;2026-08-11 21:00:04
181384061;1116647;2026-09-11 10:45:00;2026-08-11 21:00:04
181384061;1116647;2026-09-11 11:00:00;2026-08-11 21:00:04
181384061;1116647;2026-09-11 11:15:00;2026-08-11 21:00:04
181384061;1116647;2026-09-11 12:30:00;2026-08-11 21:00:04
181384061;1116647;2026-09-11 12:45:00;2026-08-11 21:00:04
181384061;1116647;2026-09-11 13:00:00;2026-08-11 21:00:04
181384061;451428120;2026-08-20 09:15:00;2026-08-11 21:00:04
181384061;451428120;2026-08-20 09:30:00;2026-08-11 21:00:04
181384061;451428120;2026-08-20 09:45:00;2026-08-11 21:00:04
181384061;451428120;2026-08-20 10:15:00;2026-08-11 21:00:04
181384061;451428120;2026-08-20 10:30:00;2026-08-11 21:00:04
181384061;451428120;2026-08-20 10:45:00;2026-08-11 21:00:04
181384061;451428120;2026-08-20 11:45:00;2026-08-11 21:00:04
181384061;451428120;2026-08-20 12:00:00;2026-08-11 21:00:04
181384061;451428120;2026-08-21 14:45:00;2026-08-11 21:00:04
181384061;451428120;2026-08-21 15:00:00;2026-08-11 21:00:04
181384061;451428120;2026-08-21 15:15:00;2026-08-11 21:00:04
181384061;451428120;2026-08-21 15:30:00;2026-08-11 21:00:04
181384061;451428120;2026-08-21 15:45:00;2026-08-11 21:00:04
181384061;451428120;2026-08-21 16:30:00;2026-08-11 21:00:04
181384061;451428120;2026-08-21 16:45:00;2026-08-11 21:00:04
181384061;451428120;2026-08-21 17:00:00;2026-08-11 21:00:04
181384061;451428120;2026-08-21 17:15:00;2026-08-11 21:00:04
181384061;451428120;2026-08-21 17:30:00;2026-08-11 21:00:04
181384061;451428120;2026-08-21 17:45:00;2026-08-11 21:00:04
181384061;451428120;2026-08-21 18:00:00;2026-08-11 21:00:04
181384061;451428120;2026-08-24 08:00:00;2026-08-11 21:00:04
181384061;451428120;2026-08-24 08:15:00;2026-08-11 21:00:04
181384061;451428120;2026-08-24 08:45:00;2026-08-11 21:00:04
181384061;451428120;2026-08-24 09:00:00;2026-08-11 21:00:04
181384061;451428120;2026-08-24 09:15:00;2026-08-11 21:00:04
181384061;451428120;2026-08-24 09:30:00;2026-08-11 21:00:04
181384061;451428120;2026-08-24 09:45:00;2026-08-11 21:00:04
181384061;451428120;2026-08-24 10:00:00;2026-08-11 21:00:04
181384061;451428120;2026-08-24 10:15:00;2026-08-11 21:00:04
181384061;451428120;2026-08-24 10:30:00;2026-08-11 21:00:04
181384061;451428120;2026-08-24 10:45:00;2026-08-11 21:00:04
181384061;451428120;2026-08-24 12:00:00;2026-08-11 21:00:04
181384061;451428120;2026-08-25 14:30:00;2026-08-11 21:00:04
181384061;451428120;2026-08-25 14:45:00;2026-08-11 21:00:04
181384061;451428120;2026-08-25 15:00:00;2026-08-11 21:00:04
181384061;451428120;2026-08-25 15:15:00;2026-08-11 21:00:04
181384061;451428120;2026-08-25 15:30:00;2026-08-11 21:00:04
181384061;451428120;2026-08-25 15:45:00;2026-08-11 21:00:04
181384061;451428120;2026-08-25 16:30:00;2026-08-11 21:00:04
181384061;451428120;2026-08-25 16:45:00;2026-08-11 21:00:04
181384061;451428120;2026-08-25 17:15:00;2026-08-11 21:00:04
181384061;451428120;2026-08-25 17:45:00;2026-08-11 21:00:04
181384061;451428120;2026-08-25 18:00:00;2026-08-11 21:00:04
181384061;451428120;2026-08-26 08:30:00;2026-08-11 21:00:04
181384061;451428120;2026-08-26 08:45:00;2026-08-11 21:00:04
181384061;451428120;2026-08-26 09:15:00;2026-08-11 21:00:04
181384061;451428120;2026-08-26 09:30:00;2026-08-11 21:00:04
181384061;451428120;2026-08-26 09:45:00;2026-08-11 21:00:04
181384061;451428120;2026-08-26 10:15:00;2026-08-11 21:00:04
181384061;451428120;2026-08-26 10:45:00;2026-08-11 21:00:04
181384061;451428120;2026-08-26 11:30:00;2026-08-11 21:00:04
181384061;451428120;2026-08-26 11:45:00;2026-08-11 21:00:04
181384061;451428120;2026-08-26 12:00:00;2026-08-11 21:00:04
181384061;451428120;2026-08-27 14:45:00;2026-08-11 21:00:04
181384061;451428120;2026-08-27 15:00:00;2026-08-11 21:00:04
181384061;451428120;2026-08-27 15:15:00;2026-08-11 21:00:04
181384061;451428120;2026-08-27 15:30:00;2026-08-11 21:00:04
181384061;451428120;2026-08-27 15:45:00;2026-08-11 21:00:04
181384061;451428120;2026-08-27 16:30:00;2026-08-11 21:00:04
181384061;451428120;2026-08-27 16:45:00;2026-08-11 21:00:04
181384061;451428120;2026-08-27 17:00:00;2026-08-11 21:00:04
181384061;451428120;2026-08-27 17:15:00;2026-08-11 21:00:04
181384061;451428120;2026-08-27 17:30:00;2026-08-11 21:00:04
181384061;451428120;2026-08-27 17:45:00;2026-08-11 21:00:04
181384061;451428120;2026-08-27 18:00:00;2026-08-11 21:00:04
181384061;451428120;2026-08-28 08:15:00;2026-08-11 21:00:04
181384061;451428120;2026-08-28 08:30:00;2026-08-11 21:00:04
181384061;451428120;2026-08-28 08:45:00;2026-08-11 21:00:04
181384061;451428120;2026-08-28 09:15:00;2026-08-11 21:00:04
181384061;451428120;2026-08-28 09:45:00;2026-08-11 21:00:04
181384061;451428120;2026-08-28 10:00:00;2026-08-11 21:00:04
181384061;451428120;2026-08-28 10:15:00;2026-08-11 21:00:04
181384061;451428120;2026-08-28 10:30:00;2026-08-11 21:00:04
181384061;451428120;2026-08-28 10:45:00;2026-08-11 21:00:04
181384061;451428120;2026-09-02 08:30:00;2026-08-11 21:00:04
181384061;451428120;2026-09-02 08:45:00;2026-08-11 21:00:04
181384061;451428120;2026-09-02 09:00:00;2026-08-11 21:00:04
181384061;451428120;2026-09-02 09:15:00;2026-08-11 21:00:04
181384061;451428120;2026-09-02 09:30:00;2026-08-11 21:00:04
181384061;451428120;2026-09-02 09:45:00;2026-08-11 21:00:04
181384061;451428120;2026-09-02 10:00:00;2026-08-11 21:00:04
181384061;451428120;2026-09-02 10:15:00;2026-08-11 21:00:04
181384061;451428120;2026-09-02 10:30:00;2026-08-11 21:00:04
181384061;451428120;2026-09-02 10:45:00;2026-08-11 21:00:04
181384061;451428120;2026-09-02 11:30:00;2026-08-11 21:00:04
181384061;451428120;2026-09-02 11:45:00;2026-08-11 21:00:04
181384061;451428120;2026-09-03 14:00:00;2026-08-11 21:00:04
181384061;451428120;2026-09-03 14:15:00;2026-08-11 21:00:04
181384061;451428120;2026-09-03 14:30:00;2026-08-11 21:00:04
181384061;451428120;2026-09-03 14:45:00;2026-08-11 21:00:04
181384061;451428120;2026-09-03 15:00:00;2026-08-11 21:00:04
181384061;451428120;2026-09-03 15:15:00;2026-08-11 21:00:04
181384061;451428120;2026-09-03 15:30:00;2026-08-11 21:00:04
181384061;451428120;2026-09-03 15:45:00;2026-08-11 21:00:04
181384061;451428120;2026-09-03 16:30:00;2026-08-11 21:00:04
181384061;451428120;2026-09-03 16:45:00;2026-08-11 21:00:04
181384061;451428120;2026-09-03 17:00:00;2026-08-11 21:00:04
181384061;451428120;2026-09-03 17:15:00;2026-08-11 21:00:04
181384061;451428120;2026-09-03 17:30:00;2026-08-11 21:00:04
181384061;451428120;2026-09-03 17:45:00;2026-08-11 21:00:04
181384061;451428120;2026-09-03 18:00:00;2026-08-11 21:00:04
181384061;451428120;2026-09-04 08:00:00;2026-08-11 21:00:04
181384061;451428120;2026-09-04 08:15:00;2026-08-11 21:00:04
181384061;451428120;2026-09-04 08:30:00;2026-08-11 21:00:04
181384061;451428120;2026-09-04 08:45:00;2026-08-11 21:00:04
181384061;451428120;2026-09-04 09:00:00;2026-08-11 21:00:04
181384061;451428120;2026-09-04 09:15:00;2026-08-11 21:00:04
181384061;451428120;2026-09-04 09:30:00;2026-08-11 21:00:04
181384061;451428120;2026-09-04 09:45:00;2026-08-11 21:00:04
181384061;451428120;2026-09-04 10:00:00;2026-08-11 21:00:04
181384061;451428120;2026-09-04 10:15:00;2026-08-11 21:00:04
181384061;451428120;2026-09-04 10:30:00;2026-08-11 21:00:04
181384061;451428120;2026-09-04 10:45:00;2026-08-11 21:00:04
181384061;451428120;2026-09-04 11:30:00;2026-08-11 21:00:04
181384061;451428120;2026-09-04 11:45:00;2026-08-11 21:00:04
181384061;451428120;2026-09-04 12:00:00;2026-08-11 21:00:04
181384061;451428120;2026-09-07 14:15:00;2026-08-11 21:00:04
181384061;451428120;2026-09-07 14:30:00;2026-08-11 21:00:04
181384061;451428120;2026-09-07 14:45:00;2026-08-11 21:00:04
181384061;451428120;2026-09-07 15:00:00;2026-08-11 21:00:04
181384061;451428120;2026-09-07 15:15:00;2026-08-11 21:00:04
181384061;451428120;2026-09-07 15:30:00;2026-08-11 21:00:04
181384061;451428120;2026-09-07 15:45:00;2026-08-11 21:00:04
181384061;451428120;2026-09-07 16:30:00;2026-08-11 21:00:04
181384061;451428120;2026-09-07 16:45:00;2026-08-11 21:00:04
181384061;451428120;2026-09-07 17:00:00;2026-08-11 21:00:04
181384061;451428120;2026-09-07 17:15:00;2026-08-11 21:00:04
181384061;451428120;2026-09-07 17:30:00;2026-08-11 21:00:04
181384061;451428120;2026-09-07 17:45:00;2026-08-11 21:00:04
181384061;451428120;2026-09-07 18:00:00;2026-08-11 21:00:04
181384061;451428120;2026-09-08 08:00:00;2026-08-11 21:00:04
181384061;451428120;2026-09-08 08:15:00;2026-08-11 21:00:04
181384061;451428120;2026-09-08 08:30:00;2026-08-11 21:00:04
181384061;451428120;2026-09-08 08:45:00;2026-08-11 21:00:04
181384061;451428120;2026-09-08 09:00:00;2026-08-11 21:00:04
181384061;451428120;2026-09-08 09:15:00;2026-08-11 21:00:04
181384061;451428120;2026-09-08 09:30:00;2026-08-11 21:00:04
181384061;451428120;2026-09-08 09:45:00;2026-08-11 21:00:04
181384061;451428120;2026-09-08 10:00:00;2026-08-11 21:00:04
181384061;451428120;2026-09-08 10:15:00;2026-08-11 21:00:04
181384061;451428120;2026-09-08 10:30:00;2026-08-11 21:00:04
181384061;451428120;2026-09-08 10:45:00;2026-08-11 21:00:04
181384061;451428120;2026-09-08 11:30:00;2026-08-11 21:00:04
181384061;451428120;2026-09-08 11:45:00;2026-08-11 21:00:04
181384061;451428120;2026-09-08 12:00:00;2026-08-11 21:00:04
181384061;451428120;2026-09-09 14:00:00;2026-08-11 21:00:04
181384061;451428120;2026-09-09 14:15:00;2026-08-11 21:00:04
181384061;451428120;2026-09-09 14:30:00;2026-08-11 21:00:04
181384061;451428120;2026-09-09 14:45:00;2026-08-11 21:00:04
181384061;451428120;2026-09-09 15:00:00;2026-08-11 21:00:04
181384061;451428120;2026-09-09 15:15:00;2026-08-11 21:00:04
181384061;451428120;2026-09-09 15:30:00;2026-08-11 21:00:04
181384061;451428120;2026-09-09 15:45:00;2026-08-11 21:00:04
181384061;451428120;2026-09-09 16:30:00;2026-08-11 21:00:04
181384061;451428120;2026-09-09 16:45:00;2026-08-11 21:00:04
181384061;451428120;2026-09-09 17:00:00;2026-08-11 21:00:04
181384061;451428120;2026-09-09 17:15:00;2026-08-11 21:00:04
181384061;451428120;2026-09-09 17:30:00;2026-08-11 21:00:04
181384061;451428120;2026-09-09 17:45:00;2026-08-11 21:00:04
181384061;451428120;2026-09-09 18:00:00;2026-08-11 21:00:04
181384061;451428120;2026-09-10 08:00:00;2026-08-11 21:00:04
181384061;451428120;2026-09-10 08:15:00;2026-08-11 21:00:04
181384061;451428120;2026-09-10 08:30:00;2026-08-11 21:00:04
181384061;451428120;2026-09-10 08:45:00;2026-08-11 21:00:04
181384061;451428120;2026-09-10 09:00:00;2026-08-11 21:00:04
181384061;451428120;2026-09-10 09:15:00;2026-08-11 21:00:04
181384061;451428120;2026-09-10 09:30:00;2026-08-11 21:00:04
181384061;451428120;2026-09-10 09:45:00;2026-08-11 21:00:04
181384061;451428120;2026-09-10 10:00:00;2026-08-11 21:00:04
181384061;451428120;2026-09-10 10:15:00;2026-08-11 21:00:04
181384061;451428120;2026-09-10 10:30:00;2026-08-11 21:00:04
181384061;451428120;2026-09-10 10:45:00;2026-08-11 21:00:04
181384061;451428120;2026-09-10 11:30:00;2026-08-11 21:00:04
181384061;451428120;2026-09-10 11:45:00;2026-08-11 21:00:04
181384061;451428120;2026-09-10 12:00:00;2026-08-11 21:00:04
181384061;451428120;2026-09-11 14:15:00;2026-08-11 21:00:04
181384061;451428120;2026-09-11 14:30:00;2026-08-11 21:00:04
181384061;451428120;2026-09-11 14:45:00;2026-08-11 21:00:04
181384061;451428120;2026-09-11 15:00:00;2026-08-11 21:00:04
181384061;451428120;2026-09-11 15:15:00;2026-08-11 21:00:04
181384061;451428120;2026-09-11 15:30:00;2026-08-11 21:00:04
181384061;451428120;2026-09-11 15:45:00;2026-08-11 21:00:04
181384061;451428120;2026-09-11 16:30:00;2026-08-11 21:00:04
181384061;451428120;2026-09-11 16:45:00;2026-08-11 21:00:04
181384061;451428120;2026-09-11 17:00:00;2026-08-11 21:00:04
181384061;451428120;2026-09-11 17:15:00;2026-08-11 21:00:04
181384061;451428120;2026-09-11 17:30:00;2026-08-11 21:00:04
181384061;451428120;2026-09-11 17:45:00;2026-08-11 21:00:04
181384061;451428120;2026-09-11 18:00:00;2026-08-11 21:00:04
