istaigos_kodas;gydytojo_ID;laisvos_registracijos_data;iraso_sukurimo_data
181384061;1106055;2024-01-10 16:30:00;2024-01-06 21:00:09
181384061;1106055;2024-01-10 16:45:00;2024-01-06 21:00:09
181384061;1106055;2024-01-10 17:00:00;2024-01-06 21:00:09
181384061;1106055;2024-01-10 17:15:00;2024-01-06 21:00:09
181384061;1106055;2024-01-11 10:15:00;2024-01-06 21:00:09
181384061;1106055;2024-01-11 11:45:00;2024-01-06 21:00:09
181384061;1106055;2024-01-11 12:00:00;2024-01-06 21:00:09
181384061;1106055;2024-01-11 12:15:00;2024-01-06 21:00:09
181384061;1106055;2024-01-11 12:30:00;2024-01-06 21:00:09
181384061;1106055;2024-01-11 12:45:00;2024-01-06 21:00:09
181384061;1106055;2024-01-11 13:00:00;2024-01-06 21:00:09
181384061;1106055;2024-01-11 13:15:00;2024-01-06 21:00:09
181384061;1106055;2024-01-11 13:30:00;2024-01-06 21:00:09
181384061;1106055;2024-01-11 13:45:00;2024-01-06 21:00:09
181384061;1106055;2024-01-12 13:00:00;2024-01-06 21:00:09
181384061;1106055;2024-01-12 13:15:00;2024-01-06 21:00:09
181384061;1106055;2024-01-12 13:30:00;2024-01-06 21:00:09
181384061;1106055;2024-01-12 13:45:00;2024-01-06 21:00:09
181384061;1106055;2024-01-12 14:00:00;2024-01-06 21:00:09
181384061;1106055;2024-01-12 14:15:00;2024-01-06 21:00:09
181384061;1106055;2024-01-12 14:30:00;2024-01-06 21:00:09
181384061;1106055;2024-01-12 14:45:00;2024-01-06 21:00:09
181384061;1106055;2024-01-12 15:00:00;2024-01-06 21:00:09
181384061;1106055;2024-01-12 16:15:00;2024-01-06 21:00:09
181384061;1106055;2024-01-12 16:30:00;2024-01-06 21:00:09
181384061;1106055;2024-01-12 16:45:00;2024-01-06 21:00:09
181384061;1106055;2024-01-12 17:00:00;2024-01-06 21:00:09
181384061;1106055;2024-01-12 17:15:00;2024-01-06 21:00:09
181384061;1106055;2024-01-12 17:30:00;2024-01-06 21:00:09
181384061;1106055;2024-01-12 17:45:00;2024-01-06 21:00:09
181384061;1106055;2024-01-12 18:00:00;2024-01-06 21:00:09
181384061;1106055;2024-01-12 18:15:00;2024-01-06 21:00:09
181384061;1106055;2024-01-12 18:30:00;2024-01-06 21:00:09
181384061;1106055;2024-01-15 07:45:00;2024-01-06 21:00:09
181384061;1106055;2024-01-15 08:15:00;2024-01-06 21:00:09
181384061;1106055;2024-01-15 08:30:00;2024-01-06 21:00:09
181384061;1106055;2024-01-15 08:45:00;2024-01-06 21:00:09
181384061;1106055;2024-01-15 09:15:00;2024-01-06 21:00:09
181384061;1106055;2024-01-15 09:30:00;2024-01-06 21:00:09
181384061;1106055;2024-01-15 09:45:00;2024-01-06 21:00:09
181384061;1106055;2024-01-15 10:30:00;2024-01-06 21:00:09
181384061;1106055;2024-01-15 10:45:00;2024-01-06 21:00:09
181384061;1106055;2024-01-15 11:45:00;2024-01-06 21:00:09
181384061;1106055;2024-01-15 12:45:00;2024-01-06 21:00:09
181384061;1106055;2024-01-15 13:00:00;2024-01-06 21:00:09
181384061;1106055;2024-01-15 13:15:00;2024-01-06 21:00:09
181384061;1106055;2024-01-15 13:30:00;2024-01-06 21:00:09
181384061;1106055;2024-01-15 13:45:00;2024-01-06 21:00:09
181384061;1106055;2024-01-15 14:00:00;2024-01-06 21:00:09
181384061;1106055;2024-01-15 14:15:00;2024-01-06 21:00:09
181384061;1106055;2024-01-16 12:15:00;2024-01-06 21:00:09
181384061;1106055;2024-01-16 12:30:00;2024-01-06 21:00:09
181384061;1106055;2024-01-16 12:45:00;2024-01-06 21:00:09
181384061;1106055;2024-01-16 13:00:00;2024-01-06 21:00:09
181384061;1106055;2024-01-16 13:15:00;2024-01-06 21:00:09
181384061;1106055;2024-01-16 13:30:00;2024-01-06 21:00:09
181384061;1106055;2024-01-16 13:45:00;2024-01-06 21:00:09
181384061;1106055;2024-01-16 14:15:00;2024-01-06 21:00:09
181384061;1106055;2024-01-16 14:30:00;2024-01-06 21:00:09
181384061;1106055;2024-01-16 14:45:00;2024-01-06 21:00:09
181384061;1106055;2024-01-16 15:00:00;2024-01-06 21:00:09
181384061;1106055;2024-01-16 15:15:00;2024-01-06 21:00:09
181384061;1106055;2024-01-16 16:15:00;2024-01-06 21:00:09
181384061;1106055;2024-01-16 16:30:00;2024-01-06 21:00:09
181384061;1106055;2024-01-16 16:45:00;2024-01-06 21:00:09
181384061;1106055;2024-01-16 17:00:00;2024-01-06 21:00:09
181384061;1106055;2024-01-16 17:15:00;2024-01-06 21:00:09
181384061;1106055;2024-01-16 17:30:00;2024-01-06 21:00:09
181384061;1106055;2024-01-16 17:45:00;2024-01-06 21:00:09
181384061;1106055;2024-01-16 18:00:00;2024-01-06 21:00:09
181384061;1106055;2024-01-16 18:15:00;2024-01-06 21:00:09
181384061;1106055;2024-01-16 18:30:00;2024-01-06 21:00:09
181384061;1106055;2024-01-16 18:45:00;2024-01-06 21:00:09
181384061;1106055;2024-01-17 07:30:00;2024-01-06 21:00:09
181384061;1106055;2024-01-17 07:45:00;2024-01-06 21:00:09
181384061;1106055;2024-01-17 08:00:00;2024-01-06 21:00:09
181384061;1106055;2024-01-17 08:15:00;2024-01-06 21:00:09
181384061;1106055;2024-01-17 08:30:00;2024-01-06 21:00:09
181384061;1106055;2024-01-17 08:45:00;2024-01-06 21:00:09
181384061;1106055;2024-01-17 09:00:00;2024-01-06 21:00:09
181384061;1106055;2024-01-17 09:15:00;2024-01-06 21:00:09
181384061;1106055;2024-01-17 09:30:00;2024-01-06 21:00:09
181384061;1106055;2024-01-17 09:45:00;2024-01-06 21:00:09
181384061;1106055;2024-01-17 10:00:00;2024-01-06 21:00:09
181384061;1106055;2024-01-17 10:15:00;2024-01-06 21:00:09
181384061;1106055;2024-01-17 10:30:00;2024-01-06 21:00:09
181384061;1106055;2024-01-17 11:45:00;2024-01-06 21:00:09
181384061;1106055;2024-01-17 12:00:00;2024-01-06 21:00:09
181384061;1106055;2024-01-17 12:15:00;2024-01-06 21:00:09
181384061;1106055;2024-01-17 12:30:00;2024-01-06 21:00:09
181384061;1106055;2024-01-17 12:45:00;2024-01-06 21:00:09
181384061;1106055;2024-01-17 13:00:00;2024-01-06 21:00:09
181384061;1106055;2024-01-17 13:15:00;2024-01-06 21:00:09
181384061;1106055;2024-01-17 13:30:00;2024-01-06 21:00:09
181384061;1106055;2024-01-17 13:45:00;2024-01-06 21:00:09
181384061;1106055;2024-01-17 14:00:00;2024-01-06 21:00:09
181384061;1106055;2024-01-18 12:30:00;2024-01-06 21:00:09
181384061;1106055;2024-01-18 12:45:00;2024-01-06 21:00:09
181384061;1106055;2024-01-18 13:00:00;2024-01-06 21:00:09
181384061;1106055;2024-01-18 13:15:00;2024-01-06 21:00:09
181384061;1106055;2024-01-18 13:30:00;2024-01-06 21:00:09
181384061;1106055;2024-01-18 13:45:00;2024-01-06 21:00:09
181384061;1106055;2024-01-18 14:00:00;2024-01-06 21:00:09
181384061;1106055;2024-01-18 14:15:00;2024-01-06 21:00:09
181384061;1106055;2024-01-18 14:30:00;2024-01-06 21:00:09
181384061;1106055;2024-01-18 14:45:00;2024-01-06 21:00:09
181384061;1106055;2024-01-18 15:00:00;2024-01-06 21:00:09
181384061;1106055;2024-01-18 15:15:00;2024-01-06 21:00:09
181384061;1106055;2024-01-18 16:00:00;2024-01-06 21:00:09
181384061;1106055;2024-01-18 16:15:00;2024-01-06 21:00:09
181384061;1106055;2024-01-18 16:30:00;2024-01-06 21:00:09
181384061;1106055;2024-01-18 16:45:00;2024-01-06 21:00:09
181384061;1106055;2024-01-18 17:00:00;2024-01-06 21:00:09
181384061;1106055;2024-01-18 17:15:00;2024-01-06 21:00:09
181384061;1106055;2024-01-18 17:30:00;2024-01-06 21:00:09
181384061;1106055;2024-01-18 17:45:00;2024-01-06 21:00:09
181384061;1106055;2024-01-18 18:00:00;2024-01-06 21:00:09
181384061;1106055;2024-01-18 18:15:00;2024-01-06 21:00:09
181384061;1106055;2024-01-18 18:30:00;2024-01-06 21:00:09
181384061;1106055;2024-01-18 18:45:00;2024-01-06 21:00:09
181384061;1106055;2024-01-19 07:45:00;2024-01-06 21:00:09
181384061;1106055;2024-01-19 08:00:00;2024-01-06 21:00:09
181384061;1106055;2024-01-19 08:15:00;2024-01-06 21:00:09
181384061;1106055;2024-01-19 08:30:00;2024-01-06 21:00:09
181384061;1106055;2024-01-19 08:45:00;2024-01-06 21:00:09
181384061;1106055;2024-01-19 09:00:00;2024-01-06 21:00:09
181384061;1106055;2024-01-19 09:15:00;2024-01-06 21:00:09
181384061;1106055;2024-01-19 09:30:00;2024-01-06 21:00:09
181384061;1106055;2024-01-19 09:45:00;2024-01-06 21:00:09
181384061;1106055;2024-01-19 10:00:00;2024-01-06 21:00:09
181384061;1106055;2024-01-19 10:15:00;2024-01-06 21:00:09
181384061;1106055;2024-01-19 10:30:00;2024-01-06 21:00:09
181384061;1106055;2024-01-19 10:45:00;2024-01-06 21:00:09
181384061;1106055;2024-01-19 11:30:00;2024-01-06 21:00:09
181384061;1106055;2024-01-19 11:45:00;2024-01-06 21:00:09
181384061;1106055;2024-01-19 12:00:00;2024-01-06 21:00:09
181384061;1106055;2024-01-19 12:15:00;2024-01-06 21:00:09
181384061;1106055;2024-01-19 12:30:00;2024-01-06 21:00:09
181384061;1106055;2024-01-19 12:45:00;2024-01-06 21:00:09
181384061;1106055;2024-01-19 13:00:00;2024-01-06 21:00:09
181384061;1106055;2024-01-19 13:15:00;2024-01-06 21:00:09
181384061;1106055;2024-01-19 13:30:00;2024-01-06 21:00:09
181384061;1106055;2024-01-19 13:45:00;2024-01-06 21:00:09
181384061;1106055;2024-01-19 14:00:00;2024-01-06 21:00:09
181384061;1106055;2024-01-19 14:15:00;2024-01-06 21:00:09
181384061;1106055;2024-01-22 12:15:00;2024-01-06 21:00:09
181384061;1106055;2024-01-22 12:45:00;2024-01-06 21:00:09
181384061;1106055;2024-01-22 13:15:00;2024-01-06 21:00:09
181384061;1106055;2024-01-22 13:30:00;2024-01-06 21:00:09
181384061;1106055;2024-01-22 13:45:00;2024-01-06 21:00:09
181384061;1106055;2024-01-22 14:00:00;2024-01-06 21:00:09
181384061;1106055;2024-01-22 14:15:00;2024-01-06 21:00:09
181384061;1106055;2024-01-22 14:30:00;2024-01-06 21:00:09
181384061;1106055;2024-01-22 14:45:00;2024-01-06 21:00:09
181384061;1106055;2024-01-22 15:00:00;2024-01-06 21:00:09
181384061;1106055;2024-01-22 16:30:00;2024-01-06 21:00:09
181384061;1106055;2024-01-22 16:45:00;2024-01-06 21:00:09
181384061;1106055;2024-01-22 17:00:00;2024-01-06 21:00:09
181384061;1106055;2024-01-22 17:15:00;2024-01-06 21:00:09
181384061;1106055;2024-01-22 17:30:00;2024-01-06 21:00:09
181384061;1106055;2024-01-22 17:45:00;2024-01-06 21:00:09
181384061;1106055;2024-01-22 18:00:00;2024-01-06 21:00:09
181384061;1106055;2024-01-22 18:15:00;2024-01-06 21:00:09
181384061;1106055;2024-01-22 18:30:00;2024-01-06 21:00:09
181384061;1106055;2024-01-23 07:45:00;2024-01-06 21:00:09
181384061;1106055;2024-01-23 08:00:00;2024-01-06 21:00:09
181384061;1106055;2024-01-23 08:15:00;2024-01-06 21:00:09
181384061;1106055;2024-01-23 08:30:00;2024-01-06 21:00:09
181384061;1106055;2024-01-23 08:45:00;2024-01-06 21:00:09
181384061;1106055;2024-01-23 09:15:00;2024-01-06 21:00:09
181384061;1106055;2024-01-23 09:30:00;2024-01-06 21:00:09
181384061;1106055;2024-01-23 09:45:00;2024-01-06 21:00:09
181384061;1106055;2024-01-23 10:15:00;2024-01-06 21:00:09
181384061;1106055;2024-01-23 10:30:00;2024-01-06 21:00:09
181384061;1106055;2024-01-23 10:45:00;2024-01-06 21:00:09
181384061;1106055;2024-01-23 11:30:00;2024-01-06 21:00:09
181384061;1106055;2024-01-23 11:45:00;2024-01-06 21:00:09
181384061;1106055;2024-01-23 12:15:00;2024-01-06 21:00:09
181384061;1106055;2024-01-23 12:30:00;2024-01-06 21:00:09
181384061;1106055;2024-01-23 12:45:00;2024-01-06 21:00:09
181384061;1106055;2024-01-23 13:00:00;2024-01-06 21:00:09
181384061;1106055;2024-01-23 13:15:00;2024-01-06 21:00:09
181384061;1106055;2024-01-23 13:30:00;2024-01-06 21:00:09
181384061;1106055;2024-02-01 07:30:00;2024-01-06 21:00:09
181384061;1106055;2024-02-01 07:45:00;2024-01-06 21:00:09
181384061;1106055;2024-02-01 08:00:00;2024-01-06 21:00:09
181384061;1106055;2024-02-01 08:15:00;2024-01-06 21:00:09
181384061;1106055;2024-02-01 08:30:00;2024-01-06 21:00:09
181384061;1106055;2024-02-01 08:45:00;2024-01-06 21:00:09
181384061;1106055;2024-02-01 09:00:00;2024-01-06 21:00:09
181384061;1106055;2024-02-01 09:15:00;2024-01-06 21:00:09
181384061;1106055;2024-02-01 09:30:00;2024-01-06 21:00:09
181384061;1106055;2024-02-01 09:45:00;2024-01-06 21:00:09
181384061;1106055;2024-02-01 10:00:00;2024-01-06 21:00:09
181384061;1106055;2024-02-01 10:15:00;2024-01-06 21:00:09
181384061;1106055;2024-02-01 10:30:00;2024-01-06 21:00:09
181384061;1106055;2024-02-01 10:45:00;2024-01-06 21:00:09
181384061;1106055;2024-02-01 11:30:00;2024-01-06 21:00:09
181384061;1106055;2024-02-01 11:45:00;2024-01-06 21:00:09
181384061;1106055;2024-02-01 12:00:00;2024-01-06 21:00:09
181384061;1106055;2024-02-01 12:15:00;2024-01-06 21:00:09
181384061;1106055;2024-02-01 12:30:00;2024-01-06 21:00:09
181384061;1106055;2024-02-01 12:45:00;2024-01-06 21:00:09
181384061;1106055;2024-02-01 13:00:00;2024-01-06 21:00:09
181384061;1106055;2024-02-01 13:15:00;2024-01-06 21:00:09
181384061;1106055;2024-02-01 13:30:00;2024-01-06 21:00:09
181384061;1106055;2024-02-01 13:45:00;2024-01-06 21:00:09
181384061;1106055;2024-02-01 14:00:00;2024-01-06 21:00:09
181384061;1106055;2024-02-01 14:15:00;2024-01-06 21:00:09
181384061;1106055;2024-02-02 12:00:00;2024-01-06 21:00:09
181384061;1106055;2024-02-02 12:15:00;2024-01-06 21:00:09
181384061;1106055;2024-02-02 12:30:00;2024-01-06 21:00:09
181384061;1106055;2024-02-02 12:45:00;2024-01-06 21:00:09
181384061;1106055;2024-02-02 13:00:00;2024-01-06 21:00:09
181384061;1106055;2024-02-02 13:15:00;2024-01-06 21:00:09
181384061;1106055;2024-02-02 13:30:00;2024-01-06 21:00:09
181384061;1106055;2024-02-02 13:45:00;2024-01-06 21:00:09
181384061;1106055;2024-02-02 14:00:00;2024-01-06 21:00:09
181384061;1106055;2024-02-02 14:15:00;2024-01-06 21:00:09
181384061;1106055;2024-02-02 14:30:00;2024-01-06 21:00:09
181384061;1106055;2024-02-02 14:45:00;2024-01-06 21:00:09
181384061;1106055;2024-02-02 15:00:00;2024-01-06 21:00:09
181384061;1106055;2024-02-02 15:15:00;2024-01-06 21:00:09
181384061;1106055;2024-02-02 16:00:00;2024-01-06 21:00:09
181384061;1106055;2024-02-02 16:15:00;2024-01-06 21:00:09
181384061;1106055;2024-02-02 16:30:00;2024-01-06 21:00:09
181384061;1106055;2024-02-02 16:45:00;2024-01-06 21:00:09
181384061;1106055;2024-02-02 17:00:00;2024-01-06 21:00:09
181384061;1106055;2024-02-02 17:15:00;2024-01-06 21:00:09
181384061;1106055;2024-02-02 17:30:00;2024-01-06 21:00:09
181384061;1106055;2024-02-02 17:45:00;2024-01-06 21:00:09
181384061;1106055;2024-02-02 18:00:00;2024-01-06 21:00:09
181384061;1106055;2024-02-02 18:15:00;2024-01-06 21:00:09
181384061;1106055;2024-02-02 18:30:00;2024-01-06 21:00:09
181384061;1106055;2024-02-02 18:45:00;2024-01-06 21:00:09
181384061;1106055;2024-02-05 07:30:00;2024-01-06 21:00:09
181384061;1106055;2024-02-05 07:45:00;2024-01-06 21:00:09
181384061;1106055;2024-02-05 08:00:00;2024-01-06 21:00:09
181384061;1106055;2024-02-05 08:15:00;2024-01-06 21:00:09
181384061;1106055;2024-02-05 08:30:00;2024-01-06 21:00:09
181384061;1106055;2024-02-05 08:45:00;2024-01-06 21:00:09
181384061;1106055;2024-02-05 09:00:00;2024-01-06 21:00:09
181384061;1106055;2024-02-05 09:15:00;2024-01-06 21:00:09
181384061;1106055;2024-02-05 09:30:00;2024-01-06 21:00:09
181384061;1106055;2024-02-05 09:45:00;2024-01-06 21:00:09
181384061;1106055;2024-02-05 10:00:00;2024-01-06 21:00:09
181384061;1106055;2024-02-05 10:15:00;2024-01-06 21:00:09
181384061;1106055;2024-02-05 10:30:00;2024-01-06 21:00:09
181384061;1106055;2024-02-05 10:45:00;2024-01-06 21:00:09
181384061;1106055;2024-02-05 11:30:00;2024-01-06 21:00:09
181384061;1106055;2024-02-05 11:45:00;2024-01-06 21:00:09
181384061;1106055;2024-02-05 12:00:00;2024-01-06 21:00:09
181384061;1106055;2024-02-05 12:15:00;2024-01-06 21:00:09
181384061;1106055;2024-02-05 12:30:00;2024-01-06 21:00:09
181384061;1106055;2024-02-05 12:45:00;2024-01-06 21:00:09
181384061;1106055;2024-02-05 13:00:00;2024-01-06 21:00:09
181384061;1106055;2024-02-05 13:15:00;2024-01-06 21:00:09
181384061;1106055;2024-02-05 13:30:00;2024-01-06 21:00:09
181384061;1106055;2024-02-05 13:45:00;2024-01-06 21:00:09
181384061;1106055;2024-02-05 14:00:00;2024-01-06 21:00:09
181384061;1106055;2024-02-05 14:15:00;2024-01-06 21:00:09
181384061;1106055;2024-02-06 12:00:00;2024-01-06 21:00:09
181384061;1106055;2024-02-06 12:15:00;2024-01-06 21:00:09
181384061;1106055;2024-02-06 12:30:00;2024-01-06 21:00:09
181384061;1106055;2024-02-06 12:45:00;2024-01-06 21:00:09
181384061;1106055;2024-02-06 13:00:00;2024-01-06 21:00:09
181384061;1106055;2024-02-06 13:15:00;2024-01-06 21:00:09
181384061;1106055;2024-02-06 13:30:00;2024-01-06 21:00:09
181384061;1106055;2024-02-06 13:45:00;2024-01-06 21:00:09
181384061;1106055;2024-02-06 14:00:00;2024-01-06 21:00:09
181384061;1106055;2024-02-06 14:15:00;2024-01-06 21:00:09
181384061;1106055;2024-02-06 14:30:00;2024-01-06 21:00:09
181384061;1106055;2024-02-06 14:45:00;2024-01-06 21:00:09
181384061;1106055;2024-02-06 15:00:00;2024-01-06 21:00:09
181384061;1106055;2024-02-06 15:15:00;2024-01-06 21:00:09
181384061;1106055;2024-02-06 16:00:00;2024-01-06 21:00:09
181384061;1106055;2024-02-06 16:15:00;2024-01-06 21:00:09
181384061;1106055;2024-02-06 16:30:00;2024-01-06 21:00:09
181384061;1106055;2024-02-06 16:45:00;2024-01-06 21:00:09
181384061;1106055;2024-02-06 17:00:00;2024-01-06 21:00:09
181384061;1106055;2024-02-06 17:15:00;2024-01-06 21:00:09
181384061;1106055;2024-02-06 17:30:00;2024-01-06 21:00:09
181384061;1106055;2024-02-06 17:45:00;2024-01-06 21:00:09
181384061;1106055;2024-02-06 18:00:00;2024-01-06 21:00:09
181384061;1106055;2024-02-06 18:15:00;2024-01-06 21:00:09
181384061;1106055;2024-02-06 18:30:00;2024-01-06 21:00:09
181384061;1106055;2024-02-06 18:45:00;2024-01-06 21:00:09
181384061;1106861;2024-01-12 07:45:00;2024-01-06 21:00:10
181384061;1106861;2024-01-12 08:00:00;2024-01-06 21:00:10
181384061;1106861;2024-01-12 08:15:00;2024-01-06 21:00:10
181384061;1106861;2024-01-12 08:30:00;2024-01-06 21:00:10
181384061;1106861;2024-01-15 15:00:00;2024-01-06 21:00:10
181384061;1106861;2024-01-15 15:15:00;2024-01-06 21:00:10
181384061;1106861;2024-01-15 15:30:00;2024-01-06 21:00:10
181384061;1106861;2024-01-15 15:45:00;2024-01-06 21:00:10
181384061;1106861;2024-01-15 16:00:00;2024-01-06 21:00:10
181384061;1106861;2024-01-15 16:15:00;2024-01-06 21:00:10
181384061;1106861;2024-01-15 17:00:00;2024-01-06 21:00:10
181384061;1106861;2024-01-15 17:15:00;2024-01-06 21:00:10
181384061;1106861;2024-01-16 07:00:00;2024-01-06 21:00:10
181384061;1106861;2024-01-16 07:30:00;2024-01-06 21:00:10
181384061;1106861;2024-01-16 07:45:00;2024-01-06 21:00:10
181384061;1106861;2024-01-16 08:15:00;2024-01-06 21:00:10
181384061;1106861;2024-01-16 08:30:00;2024-01-06 21:00:10
181384061;1106861;2024-01-16 08:45:00;2024-01-06 21:00:10
181384061;1106861;2024-01-16 09:15:00;2024-01-06 21:00:10
181384061;1106861;2024-01-16 09:30:00;2024-01-06 21:00:10
181384061;1106861;2024-01-16 09:45:00;2024-01-06 21:00:10
181384061;1106861;2024-01-16 10:15:00;2024-01-06 21:00:10
181384061;1106861;2024-01-16 11:00:00;2024-01-06 21:00:10
181384061;1106861;2024-01-17 14:30:00;2024-01-06 21:00:10
181384061;1106861;2024-01-17 14:45:00;2024-01-06 21:00:10
181384061;1106861;2024-01-17 15:15:00;2024-01-06 21:00:10
181384061;1106861;2024-01-17 15:30:00;2024-01-06 21:00:10
181384061;1106861;2024-01-17 15:45:00;2024-01-06 21:00:10
181384061;1106861;2024-01-17 16:00:00;2024-01-06 21:00:10
181384061;1106861;2024-01-17 16:15:00;2024-01-06 21:00:10
181384061;1106861;2024-01-17 17:00:00;2024-01-06 21:00:10
181384061;1106861;2024-01-17 17:30:00;2024-01-06 21:00:10
181384061;1106861;2024-01-18 07:00:00;2024-01-06 21:00:10
181384061;1106861;2024-01-18 07:15:00;2024-01-06 21:00:10
181384061;1106861;2024-01-18 07:30:00;2024-01-06 21:00:10
181384061;1106861;2024-01-18 07:45:00;2024-01-06 21:00:10
181384061;1106861;2024-01-18 08:15:00;2024-01-06 21:00:10
181384061;1106861;2024-01-18 08:30:00;2024-01-06 21:00:10
181384061;1106861;2024-01-18 08:45:00;2024-01-06 21:00:10
181384061;1106861;2024-01-18 09:00:00;2024-01-06 21:00:10
181384061;1106861;2024-01-18 09:15:00;2024-01-06 21:00:10
181384061;1106861;2024-01-19 14:30:00;2024-01-06 21:00:10
181384061;1106861;2024-01-19 14:45:00;2024-01-06 21:00:10
181384061;1106861;2024-01-19 15:00:00;2024-01-06 21:00:10
181384061;1106861;2024-01-19 15:15:00;2024-01-06 21:00:10
181384061;1106861;2024-01-19 15:30:00;2024-01-06 21:00:10
181384061;1106861;2024-01-19 15:45:00;2024-01-06 21:00:10
181384061;1106861;2024-01-19 16:00:00;2024-01-06 21:00:10
181384061;1106861;2024-01-19 16:15:00;2024-01-06 21:00:10
181384061;1106861;2024-01-19 17:15:00;2024-01-06 21:00:10
181384061;1106861;2024-01-19 17:30:00;2024-01-06 21:00:10
181384061;1106861;2024-01-22 07:15:00;2024-01-06 21:00:10
181384061;1106861;2024-01-22 07:30:00;2024-01-06 21:00:10
181384061;1106861;2024-01-22 07:45:00;2024-01-06 21:00:10
181384061;1106861;2024-01-22 08:00:00;2024-01-06 21:00:10
181384061;1106861;2024-01-22 08:15:00;2024-01-06 21:00:10
181384061;1106861;2024-01-22 08:30:00;2024-01-06 21:00:10
181384061;1106861;2024-01-22 08:45:00;2024-01-06 21:00:10
181384061;1106861;2024-01-22 09:30:00;2024-01-06 21:00:10
181384061;1106861;2024-01-22 09:45:00;2024-01-06 21:00:10
181384061;1106861;2024-01-22 10:15:00;2024-01-06 21:00:10
181384061;1106861;2024-01-23 14:15:00;2024-01-06 21:00:10
181384061;1106861;2024-01-23 14:30:00;2024-01-06 21:00:10
181384061;1106861;2024-01-23 14:45:00;2024-01-06 21:00:10
181384061;1106861;2024-01-23 15:00:00;2024-01-06 21:00:10
181384061;1106861;2024-01-23 15:15:00;2024-01-06 21:00:10
181384061;1106861;2024-01-23 15:30:00;2024-01-06 21:00:10
181384061;1106861;2024-01-23 15:45:00;2024-01-06 21:00:10
181384061;1106861;2024-01-23 16:00:00;2024-01-06 21:00:10
181384061;1106861;2024-01-23 16:15:00;2024-01-06 21:00:10
181384061;1106861;2024-01-23 17:00:00;2024-01-06 21:00:10
181384061;1106861;2024-01-23 17:15:00;2024-01-06 21:00:10
181384061;1106861;2024-01-23 17:30:00;2024-01-06 21:00:10
181384061;1106861;2024-01-24 07:00:00;2024-01-06 21:00:10
181384061;1106861;2024-01-24 07:15:00;2024-01-06 21:00:10
181384061;1106861;2024-01-24 07:30:00;2024-01-06 21:00:10
181384061;1106861;2024-01-24 07:45:00;2024-01-06 21:00:10
181384061;1106861;2024-01-24 08:00:00;2024-01-06 21:00:10
181384061;1106861;2024-01-24 08:15:00;2024-01-06 21:00:10
181384061;1106861;2024-01-24 08:30:00;2024-01-06 21:00:10
181384061;1106861;2024-01-24 08:45:00;2024-01-06 21:00:10
181384061;1106861;2024-01-24 09:00:00;2024-01-06 21:00:10
181384061;1106861;2024-01-24 09:15:00;2024-01-06 21:00:10
181384061;1106861;2024-01-24 09:30:00;2024-01-06 21:00:10
181384061;1106861;2024-01-24 09:45:00;2024-01-06 21:00:10
181384061;1106861;2024-01-24 10:00:00;2024-01-06 21:00:10
181384061;1106861;2024-01-25 13:30:00;2024-01-06 21:00:10
181384061;1106861;2024-01-25 13:45:00;2024-01-06 21:00:10
181384061;1106861;2024-01-25 14:00:00;2024-01-06 21:00:10
181384061;1106861;2024-01-25 14:15:00;2024-01-06 21:00:10
181384061;1106861;2024-01-25 14:30:00;2024-01-06 21:00:10
181384061;1106861;2024-01-25 14:45:00;2024-01-06 21:00:10
181384061;1106861;2024-01-25 15:15:00;2024-01-06 21:00:10
181384061;1106861;2024-01-25 15:30:00;2024-01-06 21:00:10
181384061;1106861;2024-01-25 15:45:00;2024-01-06 21:00:10
181384061;1106861;2024-01-25 16:00:00;2024-01-06 21:00:10
181384061;1106861;2024-01-25 16:15:00;2024-01-06 21:00:10
181384061;1106861;2024-01-25 17:15:00;2024-01-06 21:00:10
181384061;1106861;2024-01-25 17:30:00;2024-01-06 21:00:10
181384061;1106861;2024-01-26 07:00:00;2024-01-06 21:00:10
181384061;1106861;2024-01-26 07:15:00;2024-01-06 21:00:10
181384061;1106861;2024-01-26 07:30:00;2024-01-06 21:00:10
181384061;1106861;2024-01-26 07:45:00;2024-01-06 21:00:10
181384061;1106861;2024-01-26 08:00:00;2024-01-06 21:00:10
181384061;1106861;2024-01-26 08:15:00;2024-01-06 21:00:10
181384061;1106861;2024-01-26 08:30:00;2024-01-06 21:00:10
181384061;1106861;2024-01-26 08:45:00;2024-01-06 21:00:10
181384061;1106861;2024-01-26 09:00:00;2024-01-06 21:00:10
181384061;1106861;2024-01-26 09:15:00;2024-01-06 21:00:10
181384061;1106861;2024-01-26 09:30:00;2024-01-06 21:00:10
181384061;1106861;2024-01-26 09:45:00;2024-01-06 21:00:10
181384061;1106861;2024-01-26 10:00:00;2024-01-06 21:00:10
181384061;1106861;2024-01-26 10:15:00;2024-01-06 21:00:10
181384061;1106861;2024-01-29 13:30:00;2024-01-06 21:00:10
181384061;1106861;2024-01-29 13:45:00;2024-01-06 21:00:10
181384061;1106861;2024-01-29 14:00:00;2024-01-06 21:00:10
181384061;1106861;2024-01-29 14:15:00;2024-01-06 21:00:10
181384061;1106861;2024-01-29 14:30:00;2024-01-06 21:00:10
181384061;1106861;2024-01-29 14:45:00;2024-01-06 21:00:10
181384061;1106861;2024-01-29 15:00:00;2024-01-06 21:00:10
181384061;1106861;2024-01-29 15:15:00;2024-01-06 21:00:10
181384061;1106861;2024-01-29 15:30:00;2024-01-06 21:00:10
181384061;1106861;2024-01-29 15:45:00;2024-01-06 21:00:10
181384061;1106861;2024-01-29 16:00:00;2024-01-06 21:00:10
181384061;1106861;2024-01-29 16:15:00;2024-01-06 21:00:10
181384061;1106861;2024-01-29 17:00:00;2024-01-06 21:00:10
181384061;1106861;2024-01-29 17:15:00;2024-01-06 21:00:10
181384061;1106861;2024-01-29 17:30:00;2024-01-06 21:00:10
181384061;1106861;2024-01-30 07:00:00;2024-01-06 21:00:10
181384061;1106861;2024-01-30 07:15:00;2024-01-06 21:00:10
181384061;1106861;2024-01-30 07:30:00;2024-01-06 21:00:10
181384061;1106861;2024-01-30 07:45:00;2024-01-06 21:00:10
181384061;1106861;2024-01-30 08:00:00;2024-01-06 21:00:10
181384061;1106861;2024-01-30 08:15:00;2024-01-06 21:00:10
181384061;1106861;2024-01-30 08:30:00;2024-01-06 21:00:10
181384061;1106861;2024-01-30 08:45:00;2024-01-06 21:00:10
181384061;1106861;2024-01-30 09:00:00;2024-01-06 21:00:10
181384061;1106861;2024-01-30 09:30:00;2024-01-06 21:00:10
181384061;1106861;2024-01-30 09:45:00;2024-01-06 21:00:10
181384061;1106861;2024-01-30 10:00:00;2024-01-06 21:00:10
181384061;1106861;2024-01-30 10:15:00;2024-01-06 21:00:10
181384061;1106861;2024-01-30 11:00:00;2024-01-06 21:00:10
181384061;1106861;2024-01-31 13:30:00;2024-01-06 21:00:10
181384061;1106861;2024-01-31 13:45:00;2024-01-06 21:00:10
181384061;1106861;2024-01-31 14:00:00;2024-01-06 21:00:10
181384061;1106861;2024-01-31 14:15:00;2024-01-06 21:00:10
181384061;1106861;2024-01-31 14:30:00;2024-01-06 21:00:10
181384061;1106861;2024-01-31 14:45:00;2024-01-06 21:00:10
181384061;1106861;2024-01-31 15:00:00;2024-01-06 21:00:10
181384061;1106861;2024-01-31 15:15:00;2024-01-06 21:00:10
181384061;1106861;2024-01-31 15:30:00;2024-01-06 21:00:10
181384061;1106861;2024-01-31 15:45:00;2024-01-06 21:00:10
181384061;1106861;2024-01-31 16:00:00;2024-01-06 21:00:10
181384061;1106861;2024-01-31 16:15:00;2024-01-06 21:00:10
181384061;1106861;2024-01-31 17:00:00;2024-01-06 21:00:10
181384061;1106861;2024-01-31 17:15:00;2024-01-06 21:00:10
181384061;1106861;2024-01-31 17:30:00;2024-01-06 21:00:10
181384061;1106861;2024-02-01 13:30:00;2024-01-06 21:00:10
181384061;1106861;2024-02-01 13:45:00;2024-01-06 21:00:10
181384061;1106861;2024-02-01 14:00:00;2024-01-06 21:00:10
181384061;1106861;2024-02-01 14:15:00;2024-01-06 21:00:10
181384061;1106861;2024-02-01 14:30:00;2024-01-06 21:00:10
181384061;1106861;2024-02-01 14:45:00;2024-01-06 21:00:10
181384061;1106861;2024-02-01 15:00:00;2024-01-06 21:00:10
181384061;1106861;2024-02-01 15:15:00;2024-01-06 21:00:10
181384061;1106861;2024-02-01 15:30:00;2024-01-06 21:00:10
181384061;1106861;2024-02-01 15:45:00;2024-01-06 21:00:10
181384061;1106861;2024-02-01 16:00:00;2024-01-06 21:00:10
181384061;1106861;2024-02-01 16:15:00;2024-01-06 21:00:10
181384061;1106861;2024-02-01 17:00:00;2024-01-06 21:00:10
181384061;1106861;2024-02-01 17:15:00;2024-01-06 21:00:10
181384061;1106861;2024-02-01 17:30:00;2024-01-06 21:00:10
181384061;1106861;2024-02-02 07:00:00;2024-01-06 21:00:10
181384061;1106861;2024-02-02 07:15:00;2024-01-06 21:00:10
181384061;1106861;2024-02-02 07:30:00;2024-01-06 21:00:10
181384061;1106861;2024-02-02 07:45:00;2024-01-06 21:00:10
181384061;1106861;2024-02-02 08:15:00;2024-01-06 21:00:10
181384061;1106861;2024-02-02 08:30:00;2024-01-06 21:00:10
181384061;1106861;2024-02-02 08:45:00;2024-01-06 21:00:10
181384061;1106861;2024-02-02 09:15:00;2024-01-06 21:00:10
181384061;1106861;2024-02-02 09:30:00;2024-01-06 21:00:10
181384061;1106861;2024-02-02 09:45:00;2024-01-06 21:00:10
181384061;1106861;2024-02-02 10:00:00;2024-01-06 21:00:10
181384061;1106861;2024-02-02 10:15:00;2024-01-06 21:00:10
181384061;1106861;2024-02-02 11:00:00;2024-01-06 21:00:10
181384061;1106861;2024-02-05 13:45:00;2024-01-06 21:00:10
181384061;1106861;2024-02-05 14:00:00;2024-01-06 21:00:10
181384061;1106861;2024-02-05 14:15:00;2024-01-06 21:00:10
181384061;1106861;2024-02-05 14:30:00;2024-01-06 21:00:10
181384061;1106861;2024-02-05 14:45:00;2024-01-06 21:00:10
181384061;1106861;2024-02-05 15:00:00;2024-01-06 21:00:10
181384061;1106861;2024-02-05 15:15:00;2024-01-06 21:00:10
181384061;1106861;2024-02-05 15:30:00;2024-01-06 21:00:10
181384061;1106861;2024-02-05 15:45:00;2024-01-06 21:00:10
181384061;1106861;2024-02-05 16:00:00;2024-01-06 21:00:10
181384061;1106861;2024-02-05 16:15:00;2024-01-06 21:00:10
181384061;1106861;2024-02-05 17:00:00;2024-01-06 21:00:10
181384061;1106861;2024-02-05 17:15:00;2024-01-06 21:00:10
181384061;1106861;2024-02-05 17:30:00;2024-01-06 21:00:10
181384061;1106861;2024-02-06 07:15:00;2024-01-06 21:00:10
181384061;1106861;2024-02-06 07:30:00;2024-01-06 21:00:10
181384061;1106861;2024-02-06 07:45:00;2024-01-06 21:00:10
181384061;1106861;2024-02-06 08:00:00;2024-01-06 21:00:10
181384061;1106861;2024-02-06 08:15:00;2024-01-06 21:00:10
181384061;1106861;2024-02-06 08:30:00;2024-01-06 21:00:10
181384061;1106861;2024-02-06 08:45:00;2024-01-06 21:00:10
181384061;1106861;2024-02-06 09:00:00;2024-01-06 21:00:10
181384061;1106861;2024-02-06 09:15:00;2024-01-06 21:00:10
181384061;1106861;2024-02-06 09:30:00;2024-01-06 21:00:10
181384061;1106861;2024-02-06 09:45:00;2024-01-06 21:00:10
181384061;1106861;2024-02-06 10:00:00;2024-01-06 21:00:10
181384061;1106861;2024-02-06 10:15:00;2024-01-06 21:00:10
181384061;1106861;2024-02-06 11:00:00;2024-01-06 21:00:10
181384061;1106062;2024-01-15 13:15:00;2024-01-06 21:00:11
181384061;1106062;2024-01-15 13:30:00;2024-01-06 21:00:11
181384061;1106062;2024-01-15 13:45:00;2024-01-06 21:00:11
181384061;1106062;2024-01-16 11:45:00;2024-01-06 21:00:11
181384061;1106062;2024-01-16 12:15:00;2024-01-06 21:00:11
181384061;1106062;2024-01-16 12:30:00;2024-01-06 21:00:11
181384061;1106062;2024-01-16 12:45:00;2024-01-06 21:00:11
181384061;1106062;2024-01-16 13:00:00;2024-01-06 21:00:11
181384061;1106062;2024-01-16 13:15:00;2024-01-06 21:00:11
181384061;1106062;2024-01-16 13:30:00;2024-01-06 21:00:11
181384061;1106062;2024-01-16 13:45:00;2024-01-06 21:00:11
181384061;1106062;2024-01-16 15:15:00;2024-01-06 21:00:11
181384061;1106062;2024-01-16 15:30:00;2024-01-06 21:00:11
181384061;1106062;2024-01-16 15:45:00;2024-01-06 21:00:11
181384061;1106062;2024-01-16 16:15:00;2024-01-06 21:00:11
181384061;1106062;2024-01-16 17:30:00;2024-01-06 21:00:11
181384061;1106062;2024-01-17 08:00:00;2024-01-06 21:00:11
181384061;1106062;2024-01-17 08:15:00;2024-01-06 21:00:11
181384061;1106062;2024-01-17 08:30:00;2024-01-06 21:00:11
181384061;1106062;2024-01-17 08:45:00;2024-01-06 21:00:11
181384061;1106062;2024-01-17 09:00:00;2024-01-06 21:00:11
181384061;1106062;2024-01-17 09:15:00;2024-01-06 21:00:11
181384061;1106062;2024-01-17 09:30:00;2024-01-06 21:00:11
181384061;1106062;2024-01-17 11:45:00;2024-01-06 21:00:11
181384061;1106062;2024-01-17 12:00:00;2024-01-06 21:00:11
181384061;1106062;2024-01-17 12:15:00;2024-01-06 21:00:11
181384061;1106062;2024-01-17 12:30:00;2024-01-06 21:00:11
181384061;1106062;2024-01-17 12:45:00;2024-01-06 21:00:11
181384061;1106062;2024-01-17 13:00:00;2024-01-06 21:00:11
181384061;1106062;2024-01-17 13:15:00;2024-01-06 21:00:11
181384061;1106062;2024-01-17 13:30:00;2024-01-06 21:00:11
181384061;1106062;2024-01-17 13:45:00;2024-01-06 21:00:11
181384061;1106062;2024-01-19 07:45:00;2024-01-06 21:00:11
181384061;1106062;2024-01-19 08:15:00;2024-01-06 21:00:11
181384061;1106062;2024-01-19 08:30:00;2024-01-06 21:00:11
181384061;1106062;2024-01-19 08:45:00;2024-01-06 21:00:11
181384061;1106062;2024-01-19 09:00:00;2024-01-06 21:00:11
181384061;1106062;2024-01-19 09:15:00;2024-01-06 21:00:11
181384061;1106062;2024-01-19 09:30:00;2024-01-06 21:00:11
181384061;1106062;2024-01-19 09:45:00;2024-01-06 21:00:11
181384061;1106062;2024-01-19 11:45:00;2024-01-06 21:00:11
181384061;1106062;2024-01-19 12:00:00;2024-01-06 21:00:11
181384061;1106062;2024-01-19 12:15:00;2024-01-06 21:00:11
181384061;1106062;2024-01-19 12:30:00;2024-01-06 21:00:11
181384061;1106062;2024-01-19 12:45:00;2024-01-06 21:00:11
181384061;1106062;2024-01-19 13:00:00;2024-01-06 21:00:11
181384061;1106062;2024-01-19 13:15:00;2024-01-06 21:00:11
181384061;1106062;2024-01-19 13:30:00;2024-01-06 21:00:11
181384061;1106062;2024-01-19 13:45:00;2024-01-06 21:00:11
181384061;1106062;2024-01-22 12:15:00;2024-01-06 21:00:11
181384061;1106062;2024-01-22 12:30:00;2024-01-06 21:00:11
181384061;1106062;2024-01-22 12:45:00;2024-01-06 21:00:11
181384061;1106062;2024-01-22 13:00:00;2024-01-06 21:00:11
181384061;1106062;2024-01-22 13:15:00;2024-01-06 21:00:11
181384061;1106062;2024-01-22 13:30:00;2024-01-06 21:00:11
181384061;1106062;2024-01-22 13:45:00;2024-01-06 21:00:11
181384061;1106062;2024-01-22 15:15:00;2024-01-06 21:00:11
181384061;1106062;2024-01-22 15:30:00;2024-01-06 21:00:11
181384061;1106062;2024-01-22 15:45:00;2024-01-06 21:00:11
181384061;1106062;2024-01-22 16:00:00;2024-01-06 21:00:11
181384061;1106062;2024-01-22 16:15:00;2024-01-06 21:00:11
181384061;1106062;2024-01-22 16:30:00;2024-01-06 21:00:11
181384061;1106062;2024-01-22 16:45:00;2024-01-06 21:00:11
181384061;1106062;2024-01-22 17:00:00;2024-01-06 21:00:11
181384061;1106062;2024-01-22 17:15:00;2024-01-06 21:00:11
181384061;1106062;2024-01-22 17:30:00;2024-01-06 21:00:11
181384061;1106062;2024-01-23 07:45:00;2024-01-06 21:00:11
181384061;1106062;2024-01-23 08:00:00;2024-01-06 21:00:11
181384061;1106062;2024-01-23 08:15:00;2024-01-06 21:00:11
181384061;1106062;2024-01-23 08:30:00;2024-01-06 21:00:11
181384061;1106062;2024-01-23 08:45:00;2024-01-06 21:00:11
181384061;1106062;2024-01-23 09:00:00;2024-01-06 21:00:11
181384061;1106062;2024-01-23 09:15:00;2024-01-06 21:00:11
181384061;1106062;2024-01-23 09:30:00;2024-01-06 21:00:11
181384061;1106062;2024-01-23 09:45:00;2024-01-06 21:00:11
181384061;1106062;2024-01-23 10:00:00;2024-01-06 21:00:11
181384061;1106062;2024-01-23 11:30:00;2024-01-06 21:00:11
181384061;1106062;2024-01-23 11:45:00;2024-01-06 21:00:11
181384061;1106062;2024-01-23 12:00:00;2024-01-06 21:00:11
181384061;1106062;2024-01-23 12:15:00;2024-01-06 21:00:11
181384061;1106062;2024-01-23 12:30:00;2024-01-06 21:00:11
181384061;1106062;2024-01-23 12:45:00;2024-01-06 21:00:11
181384061;1106062;2024-01-23 13:00:00;2024-01-06 21:00:11
181384061;1106062;2024-01-23 13:15:00;2024-01-06 21:00:11
181384061;1106062;2024-01-23 13:30:00;2024-01-06 21:00:11
181384061;1106062;2024-01-24 11:30:00;2024-01-06 21:00:11
181384061;1106062;2024-01-24 11:45:00;2024-01-06 21:00:11
181384061;1106062;2024-01-24 12:00:00;2024-01-06 21:00:11
181384061;1106062;2024-01-24 12:15:00;2024-01-06 21:00:11
181384061;1106062;2024-01-24 12:30:00;2024-01-06 21:00:11
181384061;1106062;2024-01-24 12:45:00;2024-01-06 21:00:11
181384061;1106062;2024-01-24 13:00:00;2024-01-06 21:00:11
181384061;1106062;2024-01-24 13:15:00;2024-01-06 21:00:11
181384061;1106062;2024-01-24 13:30:00;2024-01-06 21:00:11
181384061;1106062;2024-01-24 13:45:00;2024-01-06 21:00:11
181384061;1106062;2024-01-24 15:15:00;2024-01-06 21:00:11
181384061;1106062;2024-01-24 15:30:00;2024-01-06 21:00:11
181384061;1106062;2024-01-24 15:45:00;2024-01-06 21:00:11
181384061;1106062;2024-01-24 16:00:00;2024-01-06 21:00:11
181384061;1106062;2024-01-24 16:15:00;2024-01-06 21:00:11
181384061;1106062;2024-01-24 16:30:00;2024-01-06 21:00:11
181384061;1106062;2024-01-24 16:45:00;2024-01-06 21:00:11
181384061;1106062;2024-01-24 17:00:00;2024-01-06 21:00:11
181384061;1106062;2024-01-24 17:15:00;2024-01-06 21:00:11
181384061;1106062;2024-01-24 17:30:00;2024-01-06 21:00:11
181384061;1106062;2024-01-25 07:45:00;2024-01-06 21:00:11
181384061;1106062;2024-01-25 08:00:00;2024-01-06 21:00:11
181384061;1106062;2024-01-25 08:15:00;2024-01-06 21:00:11
181384061;1106062;2024-01-25 08:30:00;2024-01-06 21:00:11
181384061;1106062;2024-01-25 08:45:00;2024-01-06 21:00:11
181384061;1106062;2024-01-25 09:15:00;2024-01-06 21:00:11
181384061;1106062;2024-01-25 09:30:00;2024-01-06 21:00:11
181384061;1106062;2024-01-25 09:45:00;2024-01-06 21:00:11
181384061;1106062;2024-01-25 10:00:00;2024-01-06 21:00:11
181384061;1106062;2024-01-25 11:30:00;2024-01-06 21:00:11
181384061;1106062;2024-01-25 11:45:00;2024-01-06 21:00:11
181384061;1106062;2024-01-25 12:00:00;2024-01-06 21:00:11
181384061;1106062;2024-01-25 12:15:00;2024-01-06 21:00:11
181384061;1106062;2024-01-26 11:45:00;2024-01-06 21:00:11
181384061;1106062;2024-01-26 12:00:00;2024-01-06 21:00:11
181384061;1106062;2024-01-26 12:15:00;2024-01-06 21:00:11
181384061;1106062;2024-01-26 12:30:00;2024-01-06 21:00:11
181384061;1106062;2024-01-26 12:45:00;2024-01-06 21:00:11
181384061;1106062;2024-01-26 13:00:00;2024-01-06 21:00:11
181384061;1106062;2024-01-26 13:15:00;2024-01-06 21:00:11
181384061;1106062;2024-01-26 13:30:00;2024-01-06 21:00:11
181384061;1106062;2024-01-26 13:45:00;2024-01-06 21:00:11
181384061;1106062;2024-01-26 15:15:00;2024-01-06 21:00:11
181384061;1106062;2024-01-26 15:30:00;2024-01-06 21:00:11
181384061;1106062;2024-01-26 15:45:00;2024-01-06 21:00:11
181384061;1106062;2024-01-26 16:00:00;2024-01-06 21:00:11
181384061;1106062;2024-01-26 16:15:00;2024-01-06 21:00:11
181384061;1106062;2024-01-26 16:45:00;2024-01-06 21:00:11
181384061;1106062;2024-01-26 17:00:00;2024-01-06 21:00:11
181384061;1106062;2024-01-26 17:15:00;2024-01-06 21:00:11
181384061;1106062;2024-01-26 17:30:00;2024-01-06 21:00:11
181384061;1106062;2024-01-29 07:45:00;2024-01-06 21:00:11
181384061;1106062;2024-01-29 08:00:00;2024-01-06 21:00:11
181384061;1106062;2024-01-29 08:15:00;2024-01-06 21:00:11
181384061;1106062;2024-01-29 08:30:00;2024-01-06 21:00:11
181384061;1106062;2024-01-29 08:45:00;2024-01-06 21:00:11
181384061;1106062;2024-01-29 09:00:00;2024-01-06 21:00:11
181384061;1106062;2024-01-29 09:15:00;2024-01-06 21:00:11
181384061;1106062;2024-01-29 09:30:00;2024-01-06 21:00:11
181384061;1106062;2024-01-29 09:45:00;2024-01-06 21:00:11
181384061;1106062;2024-01-29 10:00:00;2024-01-06 21:00:11
181384061;1106062;2024-01-29 11:30:00;2024-01-06 21:00:11
181384061;1106062;2024-01-29 11:45:00;2024-01-06 21:00:11
181384061;1106062;2024-01-29 12:00:00;2024-01-06 21:00:11
181384061;1106062;2024-01-29 12:15:00;2024-01-06 21:00:11
181384061;1106062;2024-01-29 12:30:00;2024-01-06 21:00:11
181384061;1106062;2024-01-29 12:45:00;2024-01-06 21:00:11
181384061;1106062;2024-01-29 13:00:00;2024-01-06 21:00:11
181384061;1106062;2024-01-29 13:15:00;2024-01-06 21:00:11
181384061;1106062;2024-01-29 13:30:00;2024-01-06 21:00:11
181384061;1106062;2024-01-29 13:45:00;2024-01-06 21:00:11
181384061;1106062;2024-01-30 11:30:00;2024-01-06 21:00:11
181384061;1106062;2024-01-30 11:45:00;2024-01-06 21:00:11
181384061;1106062;2024-01-30 12:00:00;2024-01-06 21:00:11
181384061;1106062;2024-01-30 12:15:00;2024-01-06 21:00:11
181384061;1106062;2024-01-30 12:30:00;2024-01-06 21:00:11
181384061;1106062;2024-01-30 12:45:00;2024-01-06 21:00:11
181384061;1106062;2024-01-30 13:00:00;2024-01-06 21:00:11
181384061;1106062;2024-01-30 13:15:00;2024-01-06 21:00:11
181384061;1106062;2024-01-30 13:30:00;2024-01-06 21:00:11
181384061;1106062;2024-01-30 13:45:00;2024-01-06 21:00:11
181384061;1106062;2024-01-30 15:15:00;2024-01-06 21:00:11
181384061;1106062;2024-01-30 15:30:00;2024-01-06 21:00:11
181384061;1106062;2024-01-30 15:45:00;2024-01-06 21:00:11
181384061;1106062;2024-01-30 16:00:00;2024-01-06 21:00:11
181384061;1106062;2024-01-30 16:15:00;2024-01-06 21:00:11
181384061;1106062;2024-01-30 16:30:00;2024-01-06 21:00:11
181384061;1106062;2024-01-30 16:45:00;2024-01-06 21:00:11
181384061;1106062;2024-01-30 17:00:00;2024-01-06 21:00:11
181384061;1106062;2024-01-30 17:15:00;2024-01-06 21:00:11
181384061;1106062;2024-01-30 17:30:00;2024-01-06 21:00:11
181384061;1106062;2024-01-31 07:45:00;2024-01-06 21:00:11
181384061;1106062;2024-01-31 08:00:00;2024-01-06 21:00:11
181384061;1106062;2024-01-31 08:15:00;2024-01-06 21:00:11
181384061;1106062;2024-01-31 08:30:00;2024-01-06 21:00:11
181384061;1106062;2024-01-31 08:45:00;2024-01-06 21:00:11
181384061;1106062;2024-01-31 09:00:00;2024-01-06 21:00:11
181384061;1106062;2024-01-31 09:15:00;2024-01-06 21:00:11
181384061;1106062;2024-01-31 09:30:00;2024-01-06 21:00:11
181384061;1106062;2024-01-31 09:45:00;2024-01-06 21:00:11
181384061;1106062;2024-01-31 10:00:00;2024-01-06 21:00:11
181384061;1106062;2024-01-31 11:30:00;2024-01-06 21:00:11
181384061;1106062;2024-01-31 11:45:00;2024-01-06 21:00:11
181384061;1106062;2024-01-31 12:00:00;2024-01-06 21:00:11
181384061;1106062;2024-01-31 12:15:00;2024-01-06 21:00:11
181384061;1106062;2024-01-31 12:30:00;2024-01-06 21:00:11
181384061;1106062;2024-01-31 12:45:00;2024-01-06 21:00:11
181384061;1106062;2024-01-31 13:00:00;2024-01-06 21:00:11
181384061;1106062;2024-01-31 13:15:00;2024-01-06 21:00:11
181384061;1106062;2024-01-31 13:30:00;2024-01-06 21:00:11
181384061;1106062;2024-01-31 13:45:00;2024-01-06 21:00:11
181384061;1106062;2024-02-01 07:45:00;2024-01-06 21:00:11
181384061;1106062;2024-02-01 08:00:00;2024-01-06 21:00:11
181384061;1106062;2024-02-01 08:15:00;2024-01-06 21:00:11
181384061;1106062;2024-02-01 08:30:00;2024-01-06 21:00:11
181384061;1106062;2024-02-01 08:45:00;2024-01-06 21:00:11
181384061;1106062;2024-02-01 09:00:00;2024-01-06 21:00:11
181384061;1106062;2024-02-01 09:15:00;2024-01-06 21:00:11
181384061;1106062;2024-02-01 09:30:00;2024-01-06 21:00:11
181384061;1106062;2024-02-01 09:45:00;2024-01-06 21:00:11
181384061;1106062;2024-02-01 10:00:00;2024-01-06 21:00:11
181384061;1106062;2024-02-01 11:30:00;2024-01-06 21:00:11
181384061;1106062;2024-02-01 11:45:00;2024-01-06 21:00:11
181384061;1106062;2024-02-01 12:00:00;2024-01-06 21:00:11
181384061;1106062;2024-02-01 12:15:00;2024-01-06 21:00:11
181384061;1106062;2024-02-01 12:30:00;2024-01-06 21:00:11
181384061;1106062;2024-02-01 12:45:00;2024-01-06 21:00:11
181384061;1106062;2024-02-01 13:00:00;2024-01-06 21:00:11
181384061;1106062;2024-02-01 13:15:00;2024-01-06 21:00:11
181384061;1106062;2024-02-01 13:30:00;2024-01-06 21:00:11
181384061;1106062;2024-02-01 13:45:00;2024-01-06 21:00:11
181384061;1106062;2024-02-02 11:30:00;2024-01-06 21:00:11
181384061;1106062;2024-02-02 11:45:00;2024-01-06 21:00:11
181384061;1106062;2024-02-02 12:00:00;2024-01-06 21:00:11
181384061;1106062;2024-02-02 12:15:00;2024-01-06 21:00:11
181384061;1106062;2024-02-02 12:30:00;2024-01-06 21:00:11
181384061;1106062;2024-02-02 12:45:00;2024-01-06 21:00:11
181384061;1106062;2024-02-02 13:00:00;2024-01-06 21:00:11
181384061;1106062;2024-02-02 13:15:00;2024-01-06 21:00:11
181384061;1106062;2024-02-02 13:30:00;2024-01-06 21:00:11
181384061;1106062;2024-02-02 13:45:00;2024-01-06 21:00:11
181384061;1106062;2024-02-02 15:15:00;2024-01-06 21:00:11
181384061;1106062;2024-02-02 15:30:00;2024-01-06 21:00:11
181384061;1106062;2024-02-02 15:45:00;2024-01-06 21:00:11
181384061;1106062;2024-02-02 16:00:00;2024-01-06 21:00:11
181384061;1106062;2024-02-02 16:15:00;2024-01-06 21:00:11
181384061;1106062;2024-02-02 16:30:00;2024-01-06 21:00:11
181384061;1106062;2024-02-02 16:45:00;2024-01-06 21:00:11
181384061;1106062;2024-02-02 17:00:00;2024-01-06 21:00:11
181384061;1106062;2024-02-02 17:15:00;2024-01-06 21:00:11
181384061;1106062;2024-02-02 17:30:00;2024-01-06 21:00:11
181384061;1106062;2024-02-05 08:00:00;2024-01-06 21:00:11
181384061;1106062;2024-02-05 08:15:00;2024-01-06 21:00:11
181384061;1106062;2024-02-05 08:30:00;2024-01-06 21:00:11
181384061;1106062;2024-02-05 08:45:00;2024-01-06 21:00:11
181384061;1106062;2024-02-05 09:00:00;2024-01-06 21:00:11
181384061;1106062;2024-02-05 09:15:00;2024-01-06 21:00:11
181384061;1106062;2024-02-05 09:30:00;2024-01-06 21:00:11
181384061;1106062;2024-02-05 09:45:00;2024-01-06 21:00:11
181384061;1106062;2024-02-05 10:00:00;2024-01-06 21:00:11
181384061;1106062;2024-02-05 11:30:00;2024-01-06 21:00:11
181384061;1106062;2024-02-05 11:45:00;2024-01-06 21:00:11
181384061;1106062;2024-02-05 12:00:00;2024-01-06 21:00:11
181384061;1106062;2024-02-05 12:15:00;2024-01-06 21:00:11
181384061;1106062;2024-02-05 12:30:00;2024-01-06 21:00:11
181384061;1106062;2024-02-05 12:45:00;2024-01-06 21:00:11
181384061;1106062;2024-02-05 13:00:00;2024-01-06 21:00:11
181384061;1106062;2024-02-05 13:15:00;2024-01-06 21:00:11
181384061;1106062;2024-02-05 13:30:00;2024-01-06 21:00:11
181384061;1106062;2024-02-06 11:30:00;2024-01-06 21:00:11
181384061;1106062;2024-02-06 11:45:00;2024-01-06 21:00:11
181384061;1106062;2024-02-06 12:00:00;2024-01-06 21:00:11
181384061;1106062;2024-02-06 12:15:00;2024-01-06 21:00:11
181384061;1106062;2024-02-06 12:30:00;2024-01-06 21:00:11
181384061;1106062;2024-02-06 12:45:00;2024-01-06 21:00:11
181384061;1106062;2024-02-06 13:00:00;2024-01-06 21:00:11
181384061;1106062;2024-02-06 13:15:00;2024-01-06 21:00:11
181384061;1106062;2024-02-06 13:30:00;2024-01-06 21:00:11
181384061;1106062;2024-02-06 13:45:00;2024-01-06 21:00:11
181384061;1106062;2024-02-06 15:15:00;2024-01-06 21:00:11
181384061;1106062;2024-02-06 15:30:00;2024-01-06 21:00:11
181384061;1106062;2024-02-06 15:45:00;2024-01-06 21:00:11
181384061;1106062;2024-02-06 16:00:00;2024-01-06 21:00:11
181384061;1106062;2024-02-06 16:15:00;2024-01-06 21:00:11
181384061;1106062;2024-02-06 16:30:00;2024-01-06 21:00:11
181384061;1106062;2024-02-06 16:45:00;2024-01-06 21:00:11
181384061;1106062;2024-02-06 17:00:00;2024-01-06 21:00:11
181384061;1106062;2024-02-06 17:15:00;2024-01-06 21:00:11
181384061;1106062;2024-02-06 17:30:00;2024-01-06 21:00:11
181384061;1106103;2024-01-08 08:45:00;2024-01-06 21:00:11
181384061;1106103;2024-01-08 09:00:00;2024-01-06 21:00:11
181384061;1106103;2024-01-08 09:15:00;2024-01-06 21:00:11
181384061;1106103;2024-01-08 09:30:00;2024-01-06 21:00:11
181384061;1106103;2024-01-08 09:45:00;2024-01-06 21:00:11
181384061;1106103;2024-01-08 10:00:00;2024-01-06 21:00:11
181384061;1106103;2024-01-08 10:15:00;2024-01-06 21:00:11
181384061;1106103;2024-01-08 10:30:00;2024-01-06 21:00:11
181384061;1106103;2024-01-08 11:45:00;2024-01-06 21:00:11
181384061;1106103;2024-01-08 12:00:00;2024-01-06 21:00:11
181384061;1106103;2024-01-09 13:45:00;2024-01-06 21:00:11
181384061;1106103;2024-01-09 14:00:00;2024-01-06 21:00:11
181384061;1106103;2024-01-09 14:15:00;2024-01-06 21:00:11
181384061;1106103;2024-01-09 14:30:00;2024-01-06 21:00:11
181384061;1106103;2024-01-09 14:45:00;2024-01-06 21:00:11
181384061;1106103;2024-01-09 15:00:00;2024-01-06 21:00:11
181384061;1106103;2024-01-09 15:15:00;2024-01-06 21:00:11
181384061;1106103;2024-01-09 15:30:00;2024-01-06 21:00:11
181384061;1106103;2024-01-09 16:30:00;2024-01-06 21:00:11
181384061;1106103;2024-01-09 16:45:00;2024-01-06 21:00:11
181384061;1106103;2024-01-10 08:45:00;2024-01-06 21:00:11
181384061;1106103;2024-01-10 09:00:00;2024-01-06 21:00:11
181384061;1106103;2024-01-10 09:15:00;2024-01-06 21:00:11
181384061;1106103;2024-01-10 09:45:00;2024-01-06 21:00:11
181384061;1106103;2024-01-10 10:15:00;2024-01-06 21:00:11
181384061;1106103;2024-01-10 11:45:00;2024-01-06 21:00:11
181384061;1106103;2024-01-10 12:00:00;2024-01-06 21:00:11
181384061;1106103;2024-01-11 13:30:00;2024-01-06 21:00:11
181384061;1106103;2024-01-11 13:45:00;2024-01-06 21:00:11
181384061;1106103;2024-01-11 14:00:00;2024-01-06 21:00:11
181384061;1106103;2024-01-11 14:15:00;2024-01-06 21:00:11
181384061;1106103;2024-01-11 14:30:00;2024-01-06 21:00:11
181384061;1106103;2024-01-11 14:45:00;2024-01-06 21:00:11
181384061;1106103;2024-01-11 15:00:00;2024-01-06 21:00:11
181384061;1106103;2024-01-11 15:15:00;2024-01-06 21:00:11
181384061;1106103;2024-01-11 15:30:00;2024-01-06 21:00:11
181384061;1106103;2024-01-11 15:45:00;2024-01-06 21:00:11
181384061;1106103;2024-01-11 16:30:00;2024-01-06 21:00:11
181384061;1106103;2024-01-11 16:45:00;2024-01-06 21:00:11
181384061;1106103;2024-01-12 08:45:00;2024-01-06 21:00:11
181384061;1106103;2024-01-12 09:00:00;2024-01-06 21:00:11
181384061;1106103;2024-01-12 09:15:00;2024-01-06 21:00:11
181384061;1106103;2024-01-12 09:30:00;2024-01-06 21:00:11
181384061;1106103;2024-01-12 09:45:00;2024-01-06 21:00:11
181384061;1106103;2024-01-12 10:15:00;2024-01-06 21:00:11
181384061;1106103;2024-01-12 10:45:00;2024-01-06 21:00:11
181384061;1106103;2024-01-12 11:30:00;2024-01-06 21:00:11
181384061;1106103;2024-01-12 11:45:00;2024-01-06 21:00:11
181384061;1106103;2024-01-15 13:30:00;2024-01-06 21:00:11
181384061;1106103;2024-01-15 13:45:00;2024-01-06 21:00:11
181384061;1106103;2024-01-15 14:00:00;2024-01-06 21:00:11
181384061;1106103;2024-01-15 14:15:00;2024-01-06 21:00:11
181384061;1106103;2024-01-15 14:30:00;2024-01-06 21:00:11
181384061;1106103;2024-01-15 14:45:00;2024-01-06 21:00:11
181384061;1106103;2024-01-15 15:00:00;2024-01-06 21:00:11
181384061;1106103;2024-01-15 15:15:00;2024-01-06 21:00:11
181384061;1106103;2024-01-15 15:30:00;2024-01-06 21:00:11
181384061;1106103;2024-01-15 15:45:00;2024-01-06 21:00:11
181384061;1106103;2024-01-15 16:30:00;2024-01-06 21:00:11
181384061;1106103;2024-01-15 16:45:00;2024-01-06 21:00:11
181384061;1106103;2024-01-16 08:45:00;2024-01-06 21:00:11
181384061;1106103;2024-01-16 09:00:00;2024-01-06 21:00:11
181384061;1106103;2024-01-16 09:15:00;2024-01-06 21:00:11
181384061;1106103;2024-01-16 09:30:00;2024-01-06 21:00:11
181384061;1106103;2024-01-16 09:45:00;2024-01-06 21:00:11
181384061;1106103;2024-01-16 10:00:00;2024-01-06 21:00:11
181384061;1106103;2024-01-16 10:15:00;2024-01-06 21:00:11
181384061;1106103;2024-01-16 10:45:00;2024-01-06 21:00:11
181384061;1106103;2024-01-16 11:30:00;2024-01-06 21:00:11
181384061;1106103;2024-01-16 11:45:00;2024-01-06 21:00:11
181384061;1106103;2024-01-16 12:00:00;2024-01-06 21:00:11
181384061;1106103;2024-01-17 13:30:00;2024-01-06 21:00:11
181384061;1106103;2024-01-17 13:45:00;2024-01-06 21:00:11
181384061;1106103;2024-01-17 14:00:00;2024-01-06 21:00:11
181384061;1106103;2024-01-17 14:15:00;2024-01-06 21:00:11
181384061;1106103;2024-01-17 14:30:00;2024-01-06 21:00:11
181384061;1106103;2024-01-17 14:45:00;2024-01-06 21:00:11
181384061;1106103;2024-01-17 15:00:00;2024-01-06 21:00:11
181384061;1106103;2024-01-17 15:15:00;2024-01-06 21:00:11
181384061;1106103;2024-01-17 15:30:00;2024-01-06 21:00:11
181384061;1106103;2024-01-17 15:45:00;2024-01-06 21:00:11
181384061;1106103;2024-01-17 16:30:00;2024-01-06 21:00:11
181384061;1106103;2024-01-17 16:45:00;2024-01-06 21:00:11
181384061;1106103;2024-01-18 08:45:00;2024-01-06 21:00:11
181384061;1106103;2024-01-18 09:00:00;2024-01-06 21:00:11
181384061;1106103;2024-01-18 09:15:00;2024-01-06 21:00:11
181384061;1106103;2024-01-18 09:30:00;2024-01-06 21:00:11
181384061;1106103;2024-01-18 09:45:00;2024-01-06 21:00:11
181384061;1106103;2024-01-18 10:00:00;2024-01-06 21:00:11
181384061;1106103;2024-01-18 10:15:00;2024-01-06 21:00:11
181384061;1106103;2024-01-18 10:30:00;2024-01-06 21:00:11
181384061;1106103;2024-01-18 10:45:00;2024-01-06 21:00:11
181384061;1106103;2024-01-18 11:30:00;2024-01-06 21:00:11
181384061;1106103;2024-01-18 11:45:00;2024-01-06 21:00:11
181384061;1106103;2024-01-18 12:00:00;2024-01-06 21:00:11
181384061;1106103;2024-01-19 13:30:00;2024-01-06 21:00:11
181384061;1106103;2024-01-19 13:45:00;2024-01-06 21:00:11
181384061;1106103;2024-01-19 14:15:00;2024-01-06 21:00:11
181384061;1106103;2024-01-19 14:45:00;2024-01-06 21:00:11
181384061;1106103;2024-01-19 15:00:00;2024-01-06 21:00:11
181384061;1106103;2024-01-19 15:15:00;2024-01-06 21:00:11
181384061;1106103;2024-01-19 15:30:00;2024-01-06 21:00:11
181384061;1106103;2024-01-19 15:45:00;2024-01-06 21:00:11
181384061;1106103;2024-01-19 16:30:00;2024-01-06 21:00:11
181384061;1106103;2024-01-19 16:45:00;2024-01-06 21:00:11
181384061;1106103;2024-01-22 08:45:00;2024-01-06 21:00:11
181384061;1106103;2024-01-22 09:00:00;2024-01-06 21:00:11
181384061;1106103;2024-01-22 09:15:00;2024-01-06 21:00:11
181384061;1106103;2024-01-22 09:30:00;2024-01-06 21:00:11
181384061;1106103;2024-01-22 09:45:00;2024-01-06 21:00:11
181384061;1106103;2024-01-22 10:00:00;2024-01-06 21:00:11
181384061;1106103;2024-01-22 10:15:00;2024-01-06 21:00:11
181384061;1106103;2024-01-22 10:30:00;2024-01-06 21:00:11
181384061;1106103;2024-01-22 10:45:00;2024-01-06 21:00:11
181384061;1106103;2024-01-22 11:30:00;2024-01-06 21:00:11
181384061;1106103;2024-01-22 11:45:00;2024-01-06 21:00:11
181384061;1106103;2024-01-22 12:00:00;2024-01-06 21:00:11
181384061;1106103;2024-01-23 13:45:00;2024-01-06 21:00:11
181384061;1106103;2024-01-23 14:15:00;2024-01-06 21:00:11
181384061;1106103;2024-01-23 14:45:00;2024-01-06 21:00:11
181384061;1106103;2024-01-23 15:15:00;2024-01-06 21:00:11
181384061;1106103;2024-01-23 15:30:00;2024-01-06 21:00:11
181384061;1106103;2024-01-23 15:45:00;2024-01-06 21:00:11
181384061;1106103;2024-01-23 16:30:00;2024-01-06 21:00:11
181384061;1106103;2024-01-23 16:45:00;2024-01-06 21:00:11
181384061;1106103;2024-01-24 08:45:00;2024-01-06 21:00:11
181384061;1106103;2024-01-24 09:00:00;2024-01-06 21:00:11
181384061;1106103;2024-01-24 09:15:00;2024-01-06 21:00:11
181384061;1106103;2024-01-24 09:30:00;2024-01-06 21:00:11
181384061;1106103;2024-01-24 09:45:00;2024-01-06 21:00:11
181384061;1106103;2024-01-24 10:00:00;2024-01-06 21:00:11
181384061;1106103;2024-01-24 10:15:00;2024-01-06 21:00:11
181384061;1106103;2024-01-24 10:30:00;2024-01-06 21:00:11
181384061;1106103;2024-01-24 10:45:00;2024-01-06 21:00:11
181384061;1106103;2024-01-24 11:30:00;2024-01-06 21:00:11
181384061;1106103;2024-01-24 11:45:00;2024-01-06 21:00:11
181384061;1106103;2024-01-24 12:00:00;2024-01-06 21:00:11
181384061;1106103;2024-01-25 13:45:00;2024-01-06 21:00:11
181384061;1106103;2024-01-25 14:15:00;2024-01-06 21:00:11
181384061;1106103;2024-01-25 14:30:00;2024-01-06 21:00:11
181384061;1106103;2024-01-25 14:45:00;2024-01-06 21:00:11
181384061;1106103;2024-01-25 15:00:00;2024-01-06 21:00:11
181384061;1106103;2024-01-25 15:15:00;2024-01-06 21:00:11
181384061;1106103;2024-01-25 15:30:00;2024-01-06 21:00:11
181384061;1106103;2024-01-25 15:45:00;2024-01-06 21:00:11
181384061;1106103;2024-01-25 16:30:00;2024-01-06 21:00:11
181384061;1106103;2024-01-25 16:45:00;2024-01-06 21:00:11
181384061;1106103;2024-01-26 08:45:00;2024-01-06 21:00:11
181384061;1106103;2024-01-26 09:00:00;2024-01-06 21:00:11
181384061;1106103;2024-01-26 09:15:00;2024-01-06 21:00:11
181384061;1106103;2024-01-26 09:30:00;2024-01-06 21:00:11
181384061;1106103;2024-01-26 09:45:00;2024-01-06 21:00:11
181384061;1106103;2024-01-26 10:00:00;2024-01-06 21:00:11
181384061;1106103;2024-01-26 10:15:00;2024-01-06 21:00:11
181384061;1106103;2024-01-26 10:30:00;2024-01-06 21:00:11
181384061;1106103;2024-01-26 10:45:00;2024-01-06 21:00:11
181384061;1106103;2024-01-26 11:30:00;2024-01-06 21:00:11
181384061;1106103;2024-01-26 11:45:00;2024-01-06 21:00:11
181384061;1106103;2024-01-26 12:00:00;2024-01-06 21:00:11
181384061;1106103;2024-01-29 13:30:00;2024-01-06 21:00:11
181384061;1106103;2024-01-29 13:45:00;2024-01-06 21:00:11
181384061;1106103;2024-01-29 14:00:00;2024-01-06 21:00:11
181384061;1106103;2024-01-29 14:15:00;2024-01-06 21:00:11
181384061;1106103;2024-01-29 14:30:00;2024-01-06 21:00:11
181384061;1106103;2024-01-29 14:45:00;2024-01-06 21:00:11
181384061;1106103;2024-01-29 15:15:00;2024-01-06 21:00:11
181384061;1106103;2024-01-29 15:30:00;2024-01-06 21:00:11
181384061;1106103;2024-01-29 15:45:00;2024-01-06 21:00:11
181384061;1106103;2024-01-29 16:30:00;2024-01-06 21:00:11
181384061;1106103;2024-01-29 16:45:00;2024-01-06 21:00:11
181384061;1106103;2024-01-30 08:45:00;2024-01-06 21:00:11
181384061;1106103;2024-01-30 09:00:00;2024-01-06 21:00:11
181384061;1106103;2024-01-30 09:15:00;2024-01-06 21:00:11
181384061;1106103;2024-01-30 09:30:00;2024-01-06 21:00:11
181384061;1106103;2024-01-30 09:45:00;2024-01-06 21:00:11
181384061;1106103;2024-01-30 10:00:00;2024-01-06 21:00:11
181384061;1106103;2024-01-30 10:15:00;2024-01-06 21:00:11
181384061;1106103;2024-01-30 10:45:00;2024-01-06 21:00:11
181384061;1106103;2024-01-30 11:30:00;2024-01-06 21:00:11
181384061;1106103;2024-01-30 11:45:00;2024-01-06 21:00:11
181384061;1106103;2024-01-30 12:00:00;2024-01-06 21:00:11
181384061;1106103;2024-01-31 13:30:00;2024-01-06 21:00:11
181384061;1106103;2024-01-31 13:45:00;2024-01-06 21:00:11
181384061;1106103;2024-01-31 14:00:00;2024-01-06 21:00:11
181384061;1106103;2024-01-31 14:15:00;2024-01-06 21:00:11
181384061;1106103;2024-01-31 14:30:00;2024-01-06 21:00:11
181384061;1106103;2024-01-31 14:45:00;2024-01-06 21:00:11
181384061;1106103;2024-01-31 15:00:00;2024-01-06 21:00:11
181384061;1106103;2024-01-31 15:15:00;2024-01-06 21:00:11
181384061;1106103;2024-01-31 15:30:00;2024-01-06 21:00:11
181384061;1106103;2024-01-31 15:45:00;2024-01-06 21:00:11
181384061;1106103;2024-01-31 16:30:00;2024-01-06 21:00:11
181384061;1106103;2024-01-31 16:45:00;2024-01-06 21:00:11
181384061;1106103;2024-02-01 13:30:00;2024-01-06 21:00:11
181384061;1106103;2024-02-01 13:45:00;2024-01-06 21:00:11
181384061;1106103;2024-02-01 14:00:00;2024-01-06 21:00:11
181384061;1106103;2024-02-01 14:15:00;2024-01-06 21:00:11
181384061;1106103;2024-02-01 14:30:00;2024-01-06 21:00:11
181384061;1106103;2024-02-01 14:45:00;2024-01-06 21:00:11
181384061;1106103;2024-02-01 15:00:00;2024-01-06 21:00:11
181384061;1106103;2024-02-01 15:15:00;2024-01-06 21:00:11
181384061;1106103;2024-02-01 15:30:00;2024-01-06 21:00:11
181384061;1106103;2024-02-01 15:45:00;2024-01-06 21:00:11
181384061;1106103;2024-02-01 16:30:00;2024-01-06 21:00:11
181384061;1106103;2024-02-01 16:45:00;2024-01-06 21:00:11
181384061;1106103;2024-02-02 08:45:00;2024-01-06 21:00:11
181384061;1106103;2024-02-02 09:00:00;2024-01-06 21:00:11
181384061;1106103;2024-02-02 09:15:00;2024-01-06 21:00:11
181384061;1106103;2024-02-02 09:30:00;2024-01-06 21:00:11
181384061;1106103;2024-02-02 09:45:00;2024-01-06 21:00:11
181384061;1106103;2024-02-02 10:00:00;2024-01-06 21:00:11
181384061;1106103;2024-02-02 10:15:00;2024-01-06 21:00:11
181384061;1106103;2024-02-02 10:30:00;2024-01-06 21:00:11
181384061;1106103;2024-02-02 10:45:00;2024-01-06 21:00:11
181384061;1106103;2024-02-02 11:30:00;2024-01-06 21:00:11
181384061;1106103;2024-02-02 11:45:00;2024-01-06 21:00:11
181384061;1106103;2024-02-02 12:00:00;2024-01-06 21:00:11
181384061;1106103;2024-02-05 13:30:00;2024-01-06 21:00:11
181384061;1106103;2024-02-05 13:45:00;2024-01-06 21:00:11
181384061;1106103;2024-02-05 14:00:00;2024-01-06 21:00:11
181384061;1106103;2024-02-05 14:15:00;2024-01-06 21:00:11
181384061;1106103;2024-02-05 14:30:00;2024-01-06 21:00:11
181384061;1106103;2024-02-05 14:45:00;2024-01-06 21:00:11
181384061;1106103;2024-02-05 15:00:00;2024-01-06 21:00:11
181384061;1106103;2024-02-05 15:15:00;2024-01-06 21:00:11
181384061;1106103;2024-02-05 15:30:00;2024-01-06 21:00:11
181384061;1106103;2024-02-05 15:45:00;2024-01-06 21:00:11
181384061;1106103;2024-02-05 16:30:00;2024-01-06 21:00:11
181384061;1106103;2024-02-05 16:45:00;2024-01-06 21:00:11
181384061;1106103;2024-02-06 08:45:00;2024-01-06 21:00:11
181384061;1106103;2024-02-06 09:00:00;2024-01-06 21:00:11
181384061;1106103;2024-02-06 09:15:00;2024-01-06 21:00:11
181384061;1106103;2024-02-06 09:45:00;2024-01-06 21:00:11
181384061;1106103;2024-02-06 10:15:00;2024-01-06 21:00:11
181384061;1106103;2024-02-06 10:45:00;2024-01-06 21:00:11
181384061;1106103;2024-02-06 11:45:00;2024-01-06 21:00:11
181384061;1106103;2024-02-06 12:00:00;2024-01-06 21:00:11
181384061;1116647;2024-01-25 12:30:00;2024-01-06 21:00:12
181384061;1116647;2024-01-26 10:45:00;2024-01-06 21:00:12
181384061;1116647;2024-01-26 12:00:00;2024-01-06 21:00:12
181384061;1116647;2024-01-26 12:15:00;2024-01-06 21:00:12
181384061;1116647;2024-01-26 12:30:00;2024-01-06 21:00:12
181384061;1116647;2024-01-26 12:45:00;2024-01-06 21:00:12
181384061;1116647;2024-01-26 13:00:00;2024-01-06 21:00:12
181384061;1116647;2024-01-29 09:30:00;2024-01-06 21:00:12
181384061;1116647;2024-01-29 09:45:00;2024-01-06 21:00:12
181384061;1116647;2024-01-29 10:00:00;2024-01-06 21:00:12
181384061;1116647;2024-01-29 10:15:00;2024-01-06 21:00:12
181384061;1116647;2024-01-29 10:30:00;2024-01-06 21:00:12
181384061;1116647;2024-01-29 10:45:00;2024-01-06 21:00:12
181384061;1116647;2024-01-29 11:15:00;2024-01-06 21:00:12
181384061;1116647;2024-01-29 12:30:00;2024-01-06 21:00:12
181384061;1116647;2024-01-29 12:45:00;2024-01-06 21:00:12
181384061;1116647;2024-01-30 11:00:00;2024-01-06 21:00:12
181384061;1116647;2024-01-30 11:15:00;2024-01-06 21:00:12
181384061;1116647;2024-01-30 11:30:00;2024-01-06 21:00:12
181384061;1116647;2024-01-30 11:45:00;2024-01-06 21:00:12
181384061;1116647;2024-01-30 12:00:00;2024-01-06 21:00:12
181384061;1116647;2024-01-30 12:15:00;2024-01-06 21:00:12
181384061;1116647;2024-01-30 12:30:00;2024-01-06 21:00:12
181384061;1116647;2024-01-30 12:45:00;2024-01-06 21:00:12
181384061;1116647;2024-01-30 13:00:00;2024-01-06 21:00:12
181384061;1116647;2024-01-30 13:15:00;2024-01-06 21:00:12
181384061;1116647;2024-01-30 13:30:00;2024-01-06 21:00:12
181384061;1116647;2024-01-31 08:15:00;2024-01-06 21:00:12
181384061;1116647;2024-01-31 08:45:00;2024-01-06 21:00:12
181384061;1116647;2024-01-31 09:15:00;2024-01-06 21:00:12
181384061;1116647;2024-01-31 09:30:00;2024-01-06 21:00:12
181384061;1116647;2024-01-31 09:45:00;2024-01-06 21:00:12
181384061;1116647;2024-01-31 10:00:00;2024-01-06 21:00:12
181384061;1116647;2024-01-31 10:15:00;2024-01-06 21:00:12
181384061;1116647;2024-01-31 10:30:00;2024-01-06 21:00:12
181384061;1116647;2024-01-31 10:45:00;2024-01-06 21:00:12
181384061;1116647;2024-01-31 11:00:00;2024-01-06 21:00:12
181384061;1116647;2024-01-31 11:15:00;2024-01-06 21:00:12
181384061;1116647;2024-01-31 12:30:00;2024-01-06 21:00:12
181384061;1116647;2024-01-31 12:45:00;2024-01-06 21:00:12
181384061;1116647;2024-02-01 08:30:00;2024-01-06 21:00:12
181384061;1116647;2024-02-01 08:45:00;2024-01-06 21:00:12
181384061;1116647;2024-02-01 09:00:00;2024-01-06 21:00:12
181384061;1116647;2024-02-01 09:15:00;2024-01-06 21:00:12
181384061;1116647;2024-02-01 09:30:00;2024-01-06 21:00:12
181384061;1116647;2024-02-01 09:45:00;2024-01-06 21:00:12
181384061;1116647;2024-02-01 10:00:00;2024-01-06 21:00:12
181384061;1116647;2024-02-01 10:15:00;2024-01-06 21:00:12
181384061;1116647;2024-02-01 10:30:00;2024-01-06 21:00:12
181384061;1116647;2024-02-01 10:45:00;2024-01-06 21:00:12
181384061;1116647;2024-02-01 12:30:00;2024-01-06 21:00:12
181384061;1116647;2024-02-01 12:45:00;2024-01-06 21:00:12
181384061;1116647;2024-02-02 10:30:00;2024-01-06 21:00:12
181384061;1116647;2024-02-02 11:00:00;2024-01-06 21:00:12
181384061;1116647;2024-02-02 11:15:00;2024-01-06 21:00:12
181384061;1116647;2024-02-02 11:30:00;2024-01-06 21:00:12
181384061;1116647;2024-02-02 11:45:00;2024-01-06 21:00:12
181384061;1116647;2024-02-02 12:00:00;2024-01-06 21:00:12
181384061;1116647;2024-02-02 12:15:00;2024-01-06 21:00:12
181384061;1116647;2024-02-02 12:30:00;2024-01-06 21:00:12
181384061;1116647;2024-02-02 12:45:00;2024-01-06 21:00:12
181384061;1116647;2024-02-02 13:00:00;2024-01-06 21:00:12
181384061;1116647;2024-02-02 13:15:00;2024-01-06 21:00:12
181384061;1116647;2024-02-02 13:30:00;2024-01-06 21:00:12
181384061;1116647;2024-02-02 15:00:00;2024-01-06 21:00:12
181384061;1116647;2024-02-05 08:15:00;2024-01-06 21:00:12
181384061;1116647;2024-02-05 08:45:00;2024-01-06 21:00:12
181384061;1116647;2024-02-05 09:00:00;2024-01-06 21:00:12
181384061;1116647;2024-02-05 09:15:00;2024-01-06 21:00:12
181384061;1116647;2024-02-05 09:45:00;2024-01-06 21:00:12
181384061;1116647;2024-02-05 10:00:00;2024-01-06 21:00:12
181384061;1116647;2024-02-05 10:15:00;2024-01-06 21:00:12
181384061;1116647;2024-02-05 10:30:00;2024-01-06 21:00:12
181384061;1116647;2024-02-05 10:45:00;2024-01-06 21:00:12
181384061;1116647;2024-02-05 11:00:00;2024-01-06 21:00:12
181384061;1116647;2024-02-05 11:15:00;2024-01-06 21:00:12
181384061;1116647;2024-02-05 12:30:00;2024-01-06 21:00:12
181384061;1116647;2024-02-05 12:45:00;2024-01-06 21:00:12
181384061;1116647;2024-02-06 10:45:00;2024-01-06 21:00:12
181384061;1116647;2024-02-06 11:00:00;2024-01-06 21:00:12
181384061;1116647;2024-02-06 11:15:00;2024-01-06 21:00:12
181384061;1116647;2024-02-06 11:30:00;2024-01-06 21:00:12
181384061;1116647;2024-02-06 11:45:00;2024-01-06 21:00:12
181384061;1116647;2024-02-06 12:00:00;2024-01-06 21:00:12
181384061;1116647;2024-02-06 12:15:00;2024-01-06 21:00:12
181384061;1116647;2024-02-06 12:30:00;2024-01-06 21:00:12
181384061;1116647;2024-02-06 12:45:00;2024-01-06 21:00:12
181384061;1116647;2024-02-06 13:00:00;2024-01-06 21:00:12
181384061;1116647;2024-02-06 13:15:00;2024-01-06 21:00:12
181384061;1116647;2024-02-06 13:30:00;2024-01-06 21:00:12
181384061;1116647;2024-02-06 15:00:00;2024-01-06 21:00:12
181384061;1116647;2024-02-06 15:15:00;2024-01-06 21:00:12
181384061;1106854;2024-01-09 16:45:00;2024-01-06 21:00:13
181384061;1106854;2024-01-09 17:00:00;2024-01-06 21:00:13
181384061;1106854;2024-01-09 17:15:00;2024-01-06 21:00:13
181384061;1106854;2024-01-09 18:00:00;2024-01-06 21:00:13
181384061;1106854;2024-01-10 09:15:00;2024-01-06 21:00:13
181384061;1106854;2024-01-10 09:30:00;2024-01-06 21:00:13
181384061;1106854;2024-01-10 09:45:00;2024-01-06 21:00:13
181384061;1106854;2024-01-11 14:45:00;2024-01-06 21:00:13
181384061;1106854;2024-01-11 15:00:00;2024-01-06 21:00:13
181384061;1106854;2024-01-11 15:15:00;2024-01-06 21:00:13
181384061;1106854;2024-01-11 15:30:00;2024-01-06 21:00:13
181384061;1106854;2024-01-11 15:45:00;2024-01-06 21:00:13
181384061;1106854;2024-01-11 16:15:00;2024-01-06 21:00:13
181384061;1106854;2024-01-11 16:30:00;2024-01-06 21:00:13
181384061;1106854;2024-01-12 08:15:00;2024-01-06 21:00:13
181384061;1106854;2024-01-12 08:30:00;2024-01-06 21:00:13
181384061;1106854;2024-01-12 08:45:00;2024-01-06 21:00:13
181384061;1106854;2024-01-12 09:15:00;2024-01-06 21:00:13
181384061;1106854;2024-01-12 09:30:00;2024-01-06 21:00:13
181384061;1106854;2024-01-23 16:00:00;2024-01-06 21:00:13
181384061;1106854;2024-01-23 16:15:00;2024-01-06 21:00:13
181384061;1106854;2024-01-23 16:30:00;2024-01-06 21:00:13
181384061;1106854;2024-01-23 16:45:00;2024-01-06 21:00:13
181384061;1106854;2024-01-23 17:00:00;2024-01-06 21:00:13
181384061;1106854;2024-01-23 17:15:00;2024-01-06 21:00:13
181384061;1106854;2024-01-24 08:30:00;2024-01-06 21:00:13
181384061;1106854;2024-01-24 08:45:00;2024-01-06 21:00:13
181384061;1106854;2024-01-24 09:15:00;2024-01-06 21:00:13
181384061;1106854;2024-01-24 09:30:00;2024-01-06 21:00:13
181384061;1106854;2024-01-24 09:45:00;2024-01-06 21:00:13
181384061;1106854;2024-01-24 10:00:00;2024-01-06 21:00:13
181384061;1106854;2024-01-24 10:15:00;2024-01-06 21:00:13
181384061;1106854;2024-01-24 10:45:00;2024-01-06 21:00:13
181384061;1106854;2024-01-25 14:00:00;2024-01-06 21:00:13
181384061;1106854;2024-01-25 14:15:00;2024-01-06 21:00:13
181384061;1106854;2024-01-25 14:30:00;2024-01-06 21:00:13
181384061;1106854;2024-01-25 14:45:00;2024-01-06 21:00:13
181384061;1106854;2024-01-25 15:00:00;2024-01-06 21:00:13
181384061;1106854;2024-01-25 15:15:00;2024-01-06 21:00:13
181384061;1106854;2024-01-25 15:30:00;2024-01-06 21:00:13
181384061;1106854;2024-01-25 15:45:00;2024-01-06 21:00:13
181384061;1106854;2024-01-25 16:00:00;2024-01-06 21:00:13
181384061;1106854;2024-01-25 16:15:00;2024-01-06 21:00:13
181384061;1106854;2024-01-25 16:30:00;2024-01-06 21:00:13
181384061;1106854;2024-01-25 16:45:00;2024-01-06 21:00:13
181384061;1106854;2024-01-25 17:00:00;2024-01-06 21:00:13
181384061;1106854;2024-01-25 17:15:00;2024-01-06 21:00:13
181384061;1106854;2024-01-25 18:00:00;2024-01-06 21:00:13
181384061;1106854;2024-01-26 07:30:00;2024-01-06 21:00:13
181384061;1106854;2024-01-26 07:45:00;2024-01-06 21:00:13
181384061;1106854;2024-01-26 08:00:00;2024-01-06 21:00:13
181384061;1106854;2024-01-26 08:15:00;2024-01-06 21:00:13
181384061;1106854;2024-01-26 08:30:00;2024-01-06 21:00:13
181384061;1106854;2024-01-26 08:45:00;2024-01-06 21:00:13
181384061;1106854;2024-01-26 09:00:00;2024-01-06 21:00:13
181384061;1106854;2024-01-26 09:15:00;2024-01-06 21:00:13
181384061;1106854;2024-01-26 09:30:00;2024-01-06 21:00:13
181384061;1106854;2024-01-26 09:45:00;2024-01-06 21:00:13
181384061;1106854;2024-01-26 10:15:00;2024-01-06 21:00:13
181384061;1106854;2024-01-29 14:00:00;2024-01-06 21:00:13
181384061;1106854;2024-01-29 14:15:00;2024-01-06 21:00:13
181384061;1106854;2024-01-29 14:30:00;2024-01-06 21:00:13
181384061;1106854;2024-01-29 14:45:00;2024-01-06 21:00:13
181384061;1106854;2024-01-29 15:00:00;2024-01-06 21:00:13
181384061;1106854;2024-01-29 15:15:00;2024-01-06 21:00:13
181384061;1106854;2024-01-29 15:30:00;2024-01-06 21:00:13
181384061;1106854;2024-01-29 15:45:00;2024-01-06 21:00:13
181384061;1106854;2024-01-29 16:00:00;2024-01-06 21:00:13
181384061;1106854;2024-01-29 16:15:00;2024-01-06 21:00:13
181384061;1106854;2024-01-29 16:30:00;2024-01-06 21:00:13
181384061;1106854;2024-01-29 16:45:00;2024-01-06 21:00:13
181384061;1106854;2024-01-29 17:00:00;2024-01-06 21:00:13
181384061;1106854;2024-01-29 17:15:00;2024-01-06 21:00:13
181384061;1106854;2024-01-29 18:00:00;2024-01-06 21:00:13
181384061;1106854;2024-01-30 07:30:00;2024-01-06 21:00:13
181384061;1106854;2024-01-30 07:45:00;2024-01-06 21:00:13
181384061;1106854;2024-01-30 08:00:00;2024-01-06 21:00:13
181384061;1106854;2024-01-30 08:15:00;2024-01-06 21:00:13
181384061;1106854;2024-01-30 08:30:00;2024-01-06 21:00:13
181384061;1106854;2024-01-30 08:45:00;2024-01-06 21:00:13
181384061;1106854;2024-01-30 09:00:00;2024-01-06 21:00:13
181384061;1106854;2024-01-30 09:15:00;2024-01-06 21:00:13
181384061;1106854;2024-01-30 09:45:00;2024-01-06 21:00:13
181384061;1106854;2024-01-30 10:00:00;2024-01-06 21:00:13
181384061;1106854;2024-01-30 10:15:00;2024-01-06 21:00:13
181384061;1106854;2024-01-30 10:30:00;2024-01-06 21:00:13
181384061;1106854;2024-01-30 10:45:00;2024-01-06 21:00:13
181384061;1106854;2024-01-30 11:30:00;2024-01-06 21:00:13
181384061;1106854;2024-01-31 14:00:00;2024-01-06 21:00:13
181384061;1106854;2024-01-31 14:15:00;2024-01-06 21:00:13
181384061;1106854;2024-01-31 14:30:00;2024-01-06 21:00:13
181384061;1106854;2024-01-31 14:45:00;2024-01-06 21:00:13
181384061;1106854;2024-01-31 15:00:00;2024-01-06 21:00:13
181384061;1106854;2024-01-31 15:15:00;2024-01-06 21:00:13
181384061;1106854;2024-01-31 15:30:00;2024-01-06 21:00:13
181384061;1106854;2024-01-31 15:45:00;2024-01-06 21:00:13
181384061;1106854;2024-01-31 16:00:00;2024-01-06 21:00:13
181384061;1106854;2024-01-31 16:15:00;2024-01-06 21:00:13
181384061;1106854;2024-01-31 16:30:00;2024-01-06 21:00:13
181384061;1106854;2024-01-31 16:45:00;2024-01-06 21:00:13
181384061;1106854;2024-01-31 17:00:00;2024-01-06 21:00:13
181384061;1106854;2024-01-31 17:15:00;2024-01-06 21:00:13
181384061;1106854;2024-01-31 18:00:00;2024-01-06 21:00:13
181384061;1106854;2024-02-01 14:00:00;2024-01-06 21:00:13
181384061;1106854;2024-02-01 14:15:00;2024-01-06 21:00:13
181384061;1106854;2024-02-01 14:30:00;2024-01-06 21:00:13
181384061;1106854;2024-02-01 14:45:00;2024-01-06 21:00:13
181384061;1106854;2024-02-01 15:00:00;2024-01-06 21:00:13
181384061;1106854;2024-02-01 15:15:00;2024-01-06 21:00:13
181384061;1106854;2024-02-01 15:30:00;2024-01-06 21:00:13
181384061;1106854;2024-02-01 15:45:00;2024-01-06 21:00:13
181384061;1106854;2024-02-01 16:00:00;2024-01-06 21:00:13
181384061;1106854;2024-02-01 16:15:00;2024-01-06 21:00:13
181384061;1106854;2024-02-01 16:30:00;2024-01-06 21:00:13
181384061;1106854;2024-02-01 16:45:00;2024-01-06 21:00:13
181384061;1106854;2024-02-01 17:00:00;2024-01-06 21:00:13
181384061;1106854;2024-02-01 17:15:00;2024-01-06 21:00:13
181384061;1106854;2024-02-01 18:00:00;2024-01-06 21:00:13
181384061;1106854;2024-02-02 07:30:00;2024-01-06 21:00:13
181384061;1106854;2024-02-02 07:45:00;2024-01-06 21:00:13
181384061;1106854;2024-02-02 08:00:00;2024-01-06 21:00:13
181384061;1106854;2024-02-02 08:15:00;2024-01-06 21:00:13
181384061;1106854;2024-02-02 08:30:00;2024-01-06 21:00:13
181384061;1106854;2024-02-02 08:45:00;2024-01-06 21:00:13
181384061;1106854;2024-02-02 09:00:00;2024-01-06 21:00:13
181384061;1106854;2024-02-02 09:15:00;2024-01-06 21:00:13
181384061;1106854;2024-02-02 09:30:00;2024-01-06 21:00:13
181384061;1106854;2024-02-02 10:15:00;2024-01-06 21:00:13
181384061;1106854;2024-02-02 10:30:00;2024-01-06 21:00:13
181384061;1106854;2024-02-02 10:45:00;2024-01-06 21:00:13
181384061;1106854;2024-02-02 11:30:00;2024-01-06 21:00:13
181384061;1106854;2024-02-05 14:15:00;2024-01-06 21:00:13
181384061;1106854;2024-02-05 14:30:00;2024-01-06 21:00:13
181384061;1106854;2024-02-05 14:45:00;2024-01-06 21:00:13
181384061;1106854;2024-02-05 15:00:00;2024-01-06 21:00:13
181384061;1106854;2024-02-05 15:15:00;2024-01-06 21:00:13
181384061;1106854;2024-02-05 15:30:00;2024-01-06 21:00:13
181384061;1106854;2024-02-05 15:45:00;2024-01-06 21:00:13
181384061;1106854;2024-02-05 16:00:00;2024-01-06 21:00:13
181384061;1106854;2024-02-05 16:15:00;2024-01-06 21:00:13
181384061;1106854;2024-02-05 16:30:00;2024-01-06 21:00:13
181384061;1106854;2024-02-05 16:45:00;2024-01-06 21:00:13
181384061;1106854;2024-02-05 17:00:00;2024-01-06 21:00:13
181384061;1106854;2024-02-05 17:15:00;2024-01-06 21:00:13
181384061;1106854;2024-02-05 18:00:00;2024-01-06 21:00:13
181384061;1106854;2024-02-06 07:30:00;2024-01-06 21:00:13
181384061;1106854;2024-02-06 07:45:00;2024-01-06 21:00:13
181384061;1106854;2024-02-06 08:00:00;2024-01-06 21:00:13
181384061;1106854;2024-02-06 08:15:00;2024-01-06 21:00:13
181384061;1106854;2024-02-06 08:30:00;2024-01-06 21:00:13
181384061;1106854;2024-02-06 08:45:00;2024-01-06 21:00:13
181384061;1106854;2024-02-06 09:00:00;2024-01-06 21:00:13
181384061;1106854;2024-02-06 09:15:00;2024-01-06 21:00:13
181384061;1106854;2024-02-06 09:30:00;2024-01-06 21:00:13
181384061;1106854;2024-02-06 09:45:00;2024-01-06 21:00:13
181384061;1106854;2024-02-06 10:00:00;2024-01-06 21:00:13
181384061;1106854;2024-02-06 10:15:00;2024-01-06 21:00:13
181384061;1106854;2024-02-06 10:30:00;2024-01-06 21:00:13
181384061;1106854;2024-02-06 10:45:00;2024-01-06 21:00:13
181384061;1106854;2024-02-06 11:30:00;2024-01-06 21:00:13
181384061;451428120;2024-01-12 09:45:00;2024-01-06 21:00:14
181384061;451428120;2024-01-12 10:00:00;2024-01-06 21:00:14
181384061;451428120;2024-01-12 10:15:00;2024-01-06 21:00:14
181384061;451428120;2024-01-15 14:15:00;2024-01-06 21:00:14
181384061;451428120;2024-01-15 14:30:00;2024-01-06 21:00:14
181384061;451428120;2024-01-15 14:45:00;2024-01-06 21:00:14
181384061;451428120;2024-01-15 15:15:00;2024-01-06 21:00:14
181384061;451428120;2024-01-15 15:30:00;2024-01-06 21:00:14
181384061;451428120;2024-01-15 15:45:00;2024-01-06 21:00:14
181384061;451428120;2024-01-15 16:30:00;2024-01-06 21:00:14
181384061;451428120;2024-01-15 16:45:00;2024-01-06 21:00:14
181384061;451428120;2024-01-15 17:00:00;2024-01-06 21:00:14
181384061;451428120;2024-01-15 17:15:00;2024-01-06 21:00:14
181384061;451428120;2024-01-15 17:30:00;2024-01-06 21:00:14
181384061;451428120;2024-01-15 17:45:00;2024-01-06 21:00:14
181384061;451428120;2024-01-16 08:00:00;2024-01-06 21:00:14
181384061;451428120;2024-01-16 08:15:00;2024-01-06 21:00:14
181384061;451428120;2024-01-16 08:45:00;2024-01-06 21:00:14
181384061;451428120;2024-01-16 09:15:00;2024-01-06 21:00:14
181384061;451428120;2024-01-16 09:45:00;2024-01-06 21:00:14
181384061;451428120;2024-01-16 10:00:00;2024-01-06 21:00:14
181384061;451428120;2024-01-16 10:15:00;2024-01-06 21:00:14
181384061;451428120;2024-01-16 10:30:00;2024-01-06 21:00:14
181384061;451428120;2024-01-16 10:45:00;2024-01-06 21:00:14
181384061;451428120;2024-01-16 11:30:00;2024-01-06 21:00:14
181384061;451428120;2024-01-16 11:45:00;2024-01-06 21:00:14
181384061;451428120;2024-01-16 12:00:00;2024-01-06 21:00:14
181384061;451428120;2024-01-17 14:15:00;2024-01-06 21:00:14
181384061;451428120;2024-01-17 14:30:00;2024-01-06 21:00:14
181384061;451428120;2024-01-17 14:45:00;2024-01-06 21:00:14
181384061;451428120;2024-01-17 15:15:00;2024-01-06 21:00:14
181384061;451428120;2024-01-17 15:30:00;2024-01-06 21:00:14
181384061;451428120;2024-01-17 15:45:00;2024-01-06 21:00:14
181384061;451428120;2024-01-17 16:30:00;2024-01-06 21:00:14
181384061;451428120;2024-01-17 16:45:00;2024-01-06 21:00:14
181384061;451428120;2024-01-17 17:00:00;2024-01-06 21:00:14
181384061;451428120;2024-01-17 17:15:00;2024-01-06 21:00:14
181384061;451428120;2024-01-17 17:30:00;2024-01-06 21:00:14
181384061;451428120;2024-01-17 17:45:00;2024-01-06 21:00:14
181384061;451428120;2024-01-17 18:00:00;2024-01-06 21:00:14
181384061;451428120;2024-01-18 08:00:00;2024-01-06 21:00:14
181384061;451428120;2024-01-18 08:15:00;2024-01-06 21:00:14
181384061;451428120;2024-01-18 08:30:00;2024-01-06 21:00:14
181384061;451428120;2024-01-18 08:45:00;2024-01-06 21:00:14
181384061;451428120;2024-01-18 09:00:00;2024-01-06 21:00:14
181384061;451428120;2024-01-18 09:15:00;2024-01-06 21:00:14
181384061;451428120;2024-01-18 09:30:00;2024-01-06 21:00:14
181384061;451428120;2024-01-18 09:45:00;2024-01-06 21:00:14
181384061;451428120;2024-01-18 10:00:00;2024-01-06 21:00:14
181384061;451428120;2024-01-18 10:15:00;2024-01-06 21:00:14
181384061;451428120;2024-01-18 10:45:00;2024-01-06 21:00:14
181384061;451428120;2024-01-18 11:30:00;2024-01-06 21:00:14
181384061;451428120;2024-01-18 11:45:00;2024-01-06 21:00:14
181384061;451428120;2024-01-18 12:00:00;2024-01-06 21:00:14
181384061;451428120;2024-01-19 14:00:00;2024-01-06 21:00:14
181384061;451428120;2024-01-19 14:15:00;2024-01-06 21:00:14
181384061;451428120;2024-01-19 14:45:00;2024-01-06 21:00:14
181384061;451428120;2024-01-19 15:15:00;2024-01-06 21:00:14
181384061;451428120;2024-01-19 15:30:00;2024-01-06 21:00:14
181384061;451428120;2024-01-19 15:45:00;2024-01-06 21:00:14
181384061;451428120;2024-01-19 16:30:00;2024-01-06 21:00:14
181384061;451428120;2024-01-19 16:45:00;2024-01-06 21:00:14
181384061;451428120;2024-01-19 17:00:00;2024-01-06 21:00:14
181384061;451428120;2024-01-19 17:15:00;2024-01-06 21:00:14
181384061;451428120;2024-01-19 17:30:00;2024-01-06 21:00:14
181384061;451428120;2024-01-19 17:45:00;2024-01-06 21:00:14
181384061;451428120;2024-01-19 18:00:00;2024-01-06 21:00:14
181384061;451428120;2024-01-22 08:00:00;2024-01-06 21:00:14
181384061;451428120;2024-01-22 08:15:00;2024-01-06 21:00:14
181384061;451428120;2024-01-22 08:30:00;2024-01-06 21:00:14
181384061;451428120;2024-01-22 08:45:00;2024-01-06 21:00:14
181384061;451428120;2024-01-22 09:00:00;2024-01-06 21:00:14
181384061;451428120;2024-01-22 09:15:00;2024-01-06 21:00:14
181384061;451428120;2024-01-22 09:30:00;2024-01-06 21:00:14
181384061;451428120;2024-01-22 09:45:00;2024-01-06 21:00:14
181384061;451428120;2024-01-22 10:00:00;2024-01-06 21:00:14
181384061;451428120;2024-01-22 10:15:00;2024-01-06 21:00:14
181384061;451428120;2024-01-22 10:30:00;2024-01-06 21:00:14
181384061;451428120;2024-01-22 10:45:00;2024-01-06 21:00:14
181384061;451428120;2024-01-22 11:45:00;2024-01-06 21:00:14
181384061;451428120;2024-01-22 12:00:00;2024-01-06 21:00:14
181384061;451428120;2024-01-23 14:00:00;2024-01-06 21:00:14
181384061;451428120;2024-01-23 14:15:00;2024-01-06 21:00:14
181384061;451428120;2024-01-23 14:30:00;2024-01-06 21:00:14
181384061;451428120;2024-01-23 14:45:00;2024-01-06 21:00:14
181384061;451428120;2024-01-23 15:00:00;2024-01-06 21:00:14
181384061;451428120;2024-01-23 15:15:00;2024-01-06 21:00:14
181384061;451428120;2024-01-23 15:30:00;2024-01-06 21:00:14
181384061;451428120;2024-01-23 15:45:00;2024-01-06 21:00:14
181384061;451428120;2024-01-23 16:30:00;2024-01-06 21:00:14
181384061;451428120;2024-01-23 16:45:00;2024-01-06 21:00:14
181384061;451428120;2024-01-23 17:00:00;2024-01-06 21:00:14
181384061;451428120;2024-01-23 17:15:00;2024-01-06 21:00:14
181384061;451428120;2024-01-23 17:30:00;2024-01-06 21:00:14
181384061;451428120;2024-01-23 17:45:00;2024-01-06 21:00:14
181384061;451428120;2024-01-23 18:00:00;2024-01-06 21:00:14
181384061;451428120;2024-01-24 08:00:00;2024-01-06 21:00:14
181384061;451428120;2024-01-24 08:15:00;2024-01-06 21:00:14
181384061;451428120;2024-01-24 08:30:00;2024-01-06 21:00:14
181384061;451428120;2024-01-24 08:45:00;2024-01-06 21:00:14
181384061;451428120;2024-01-24 09:00:00;2024-01-06 21:00:14
181384061;451428120;2024-01-24 09:15:00;2024-01-06 21:00:14
181384061;451428120;2024-01-24 09:30:00;2024-01-06 21:00:14
181384061;451428120;2024-01-24 09:45:00;2024-01-06 21:00:14
181384061;451428120;2024-01-24 10:00:00;2024-01-06 21:00:14
181384061;451428120;2024-01-24 10:15:00;2024-01-06 21:00:14
181384061;451428120;2024-01-24 10:30:00;2024-01-06 21:00:14
181384061;451428120;2024-01-24 10:45:00;2024-01-06 21:00:14
181384061;451428120;2024-01-24 11:30:00;2024-01-06 21:00:14
181384061;451428120;2024-01-24 11:45:00;2024-01-06 21:00:14
181384061;451428120;2024-01-24 12:00:00;2024-01-06 21:00:14
181384061;451428120;2024-01-26 08:00:00;2024-01-06 21:00:14
181384061;451428120;2024-01-26 08:15:00;2024-01-06 21:00:14
181384061;451428120;2024-01-26 08:30:00;2024-01-06 21:00:14
181384061;451428120;2024-01-26 08:45:00;2024-01-06 21:00:14
181384061;451428120;2024-01-26 09:00:00;2024-01-06 21:00:14
181384061;451428120;2024-01-26 09:15:00;2024-01-06 21:00:14
181384061;451428120;2024-01-26 09:30:00;2024-01-06 21:00:14
181384061;451428120;2024-01-26 09:45:00;2024-01-06 21:00:14
181384061;451428120;2024-01-26 10:00:00;2024-01-06 21:00:14
181384061;451428120;2024-01-26 10:15:00;2024-01-06 21:00:14
181384061;451428120;2024-01-26 10:30:00;2024-01-06 21:00:14
181384061;451428120;2024-01-26 10:45:00;2024-01-06 21:00:14
181384061;451428120;2024-01-26 11:30:00;2024-01-06 21:00:14
181384061;451428120;2024-01-26 11:45:00;2024-01-06 21:00:14
181384061;451428120;2024-01-26 12:00:00;2024-01-06 21:00:14
181384061;451428120;2024-01-29 14:00:00;2024-01-06 21:00:14
181384061;451428120;2024-01-29 14:15:00;2024-01-06 21:00:14
181384061;451428120;2024-01-29 14:30:00;2024-01-06 21:00:14
181384061;451428120;2024-01-29 14:45:00;2024-01-06 21:00:14
181384061;451428120;2024-01-29 15:00:00;2024-01-06 21:00:14
181384061;451428120;2024-01-29 15:15:00;2024-01-06 21:00:14
181384061;451428120;2024-01-29 15:30:00;2024-01-06 21:00:14
181384061;451428120;2024-01-29 15:45:00;2024-01-06 21:00:14
181384061;451428120;2024-01-29 16:30:00;2024-01-06 21:00:14
181384061;451428120;2024-01-29 16:45:00;2024-01-06 21:00:14
181384061;451428120;2024-01-29 17:00:00;2024-01-06 21:00:14
181384061;451428120;2024-01-29 17:15:00;2024-01-06 21:00:14
181384061;451428120;2024-01-29 17:30:00;2024-01-06 21:00:14
181384061;451428120;2024-01-29 17:45:00;2024-01-06 21:00:14
181384061;451428120;2024-01-29 18:00:00;2024-01-06 21:00:14
181384061;451428120;2024-01-30 08:00:00;2024-01-06 21:00:14
181384061;451428120;2024-01-30 08:15:00;2024-01-06 21:00:14
181384061;451428120;2024-01-30 08:30:00;2024-01-06 21:00:14
181384061;451428120;2024-01-30 08:45:00;2024-01-06 21:00:14
181384061;451428120;2024-01-30 09:00:00;2024-01-06 21:00:14
181384061;451428120;2024-01-30 09:15:00;2024-01-06 21:00:14
181384061;451428120;2024-01-30 09:30:00;2024-01-06 21:00:14
181384061;451428120;2024-01-30 09:45:00;2024-01-06 21:00:14
181384061;451428120;2024-01-30 10:15:00;2024-01-06 21:00:14
181384061;451428120;2024-01-30 10:30:00;2024-01-06 21:00:14
181384061;451428120;2024-01-30 10:45:00;2024-01-06 21:00:14
181384061;451428120;2024-01-30 11:30:00;2024-01-06 21:00:14
181384061;451428120;2024-01-30 11:45:00;2024-01-06 21:00:14
181384061;451428120;2024-01-30 12:00:00;2024-01-06 21:00:14
181384061;451428120;2024-01-31 14:00:00;2024-01-06 21:00:14
181384061;451428120;2024-01-31 14:15:00;2024-01-06 21:00:14
181384061;451428120;2024-01-31 14:30:00;2024-01-06 21:00:14
181384061;451428120;2024-01-31 14:45:00;2024-01-06 21:00:14
181384061;451428120;2024-01-31 15:00:00;2024-01-06 21:00:14
181384061;451428120;2024-01-31 15:15:00;2024-01-06 21:00:14
181384061;451428120;2024-01-31 15:30:00;2024-01-06 21:00:14
181384061;451428120;2024-01-31 15:45:00;2024-01-06 21:00:14
181384061;451428120;2024-01-31 16:30:00;2024-01-06 21:00:14
181384061;451428120;2024-01-31 16:45:00;2024-01-06 21:00:14
181384061;451428120;2024-01-31 17:00:00;2024-01-06 21:00:14
181384061;451428120;2024-01-31 17:15:00;2024-01-06 21:00:14
181384061;451428120;2024-01-31 17:30:00;2024-01-06 21:00:14
181384061;451428120;2024-01-31 17:45:00;2024-01-06 21:00:14
181384061;451428120;2024-01-31 18:00:00;2024-01-06 21:00:14
181384061;451428120;2024-02-01 14:00:00;2024-01-06 21:00:14
181384061;451428120;2024-02-01 14:15:00;2024-01-06 21:00:14
181384061;451428120;2024-02-01 14:30:00;2024-01-06 21:00:14
181384061;451428120;2024-02-01 14:45:00;2024-01-06 21:00:14
181384061;451428120;2024-02-01 15:00:00;2024-01-06 21:00:14
181384061;451428120;2024-02-01 15:15:00;2024-01-06 21:00:14
181384061;451428120;2024-02-01 15:30:00;2024-01-06 21:00:14
181384061;451428120;2024-02-01 15:45:00;2024-01-06 21:00:14
181384061;451428120;2024-02-01 16:30:00;2024-01-06 21:00:14
181384061;451428120;2024-02-01 16:45:00;2024-01-06 21:00:14
181384061;451428120;2024-02-01 17:00:00;2024-01-06 21:00:14
181384061;451428120;2024-02-01 17:15:00;2024-01-06 21:00:14
181384061;451428120;2024-02-01 17:30:00;2024-01-06 21:00:14
181384061;451428120;2024-02-01 17:45:00;2024-01-06 21:00:14
181384061;451428120;2024-02-01 18:00:00;2024-01-06 21:00:14
181384061;451428120;2024-02-02 08:15:00;2024-01-06 21:00:14
181384061;451428120;2024-02-02 08:30:00;2024-01-06 21:00:14
181384061;451428120;2024-02-02 08:45:00;2024-01-06 21:00:14
181384061;451428120;2024-02-02 09:00:00;2024-01-06 21:00:14
181384061;451428120;2024-02-02 09:15:00;2024-01-06 21:00:14
181384061;451428120;2024-02-02 09:30:00;2024-01-06 21:00:14
181384061;451428120;2024-02-02 09:45:00;2024-01-06 21:00:14
181384061;451428120;2024-02-02 10:00:00;2024-01-06 21:00:14
181384061;451428120;2024-02-02 10:15:00;2024-01-06 21:00:14
181384061;451428120;2024-02-02 10:30:00;2024-01-06 21:00:14
181384061;451428120;2024-02-02 10:45:00;2024-01-06 21:00:14
181384061;451428120;2024-02-02 11:30:00;2024-01-06 21:00:14
181384061;451428120;2024-02-02 11:45:00;2024-01-06 21:00:14
181384061;451428120;2024-02-05 14:00:00;2024-01-06 21:00:14
181384061;451428120;2024-02-05 14:15:00;2024-01-06 21:00:14
181384061;451428120;2024-02-05 14:30:00;2024-01-06 21:00:14
181384061;451428120;2024-02-05 14:45:00;2024-01-06 21:00:14
181384061;451428120;2024-02-05 15:00:00;2024-01-06 21:00:14
181384061;451428120;2024-02-05 15:30:00;2024-01-06 21:00:14
181384061;451428120;2024-02-05 15:45:00;2024-01-06 21:00:14
181384061;451428120;2024-02-05 16:30:00;2024-01-06 21:00:14
181384061;451428120;2024-02-05 16:45:00;2024-01-06 21:00:14
181384061;451428120;2024-02-05 17:00:00;2024-01-06 21:00:14
181384061;451428120;2024-02-05 17:15:00;2024-01-06 21:00:14
181384061;451428120;2024-02-05 17:30:00;2024-01-06 21:00:14
181384061;451428120;2024-02-05 17:45:00;2024-01-06 21:00:14
181384061;451428120;2024-02-05 18:00:00;2024-01-06 21:00:14
181384061;451428120;2024-02-06 08:00:00;2024-01-06 21:00:14
181384061;451428120;2024-02-06 08:15:00;2024-01-06 21:00:14
181384061;451428120;2024-02-06 08:30:00;2024-01-06 21:00:14
181384061;451428120;2024-02-06 08:45:00;2024-01-06 21:00:14
181384061;451428120;2024-02-06 09:00:00;2024-01-06 21:00:14
181384061;451428120;2024-02-06 09:15:00;2024-01-06 21:00:14
181384061;451428120;2024-02-06 09:30:00;2024-01-06 21:00:14
181384061;451428120;2024-02-06 09:45:00;2024-01-06 21:00:14
181384061;451428120;2024-02-06 10:00:00;2024-01-06 21:00:14
181384061;451428120;2024-02-06 10:15:00;2024-01-06 21:00:14
181384061;451428120;2024-02-06 10:30:00;2024-01-06 21:00:14
181384061;451428120;2024-02-06 10:45:00;2024-01-06 21:00:14
181384061;451428120;2024-02-06 11:45:00;2024-01-06 21:00:14
181384061;451428120;2024-02-06 12:00:00;2024-01-06 21:00:14
